,cmi,m_index,i_index,similarity_between_L1_and_L1-L2,similarity_between_L2_and_L1-L2,similarity_between_L1_and_L2,coherence,naturalness,readability,L1-L2,lang1_replaced_parts,lang2_replaced_parts,L1,L2,tokens,lids
0,47.37,0.99,0.28,0.95,0.92,0.86,2,2,2,"这绝对是一个无脂的design, and when you看着它, 你看到human beings. Bless you.",[],[],这绝对是一个无脂的设计，当你看着它时， 你看到人类。保佑你。,"It's an absolutely fat-free design, and when you look at it, you see human beings. Bless you.","['这', '绝对', '是', '一个', '无脂', '的', 'design,', 'and', 'when', 'you', '看着', '它', ',', '你', '看到', 'human', 'beings.', 'Bless', 'you.']","['chi', 'chi', 'chi', 'chi', 'chi', 'chi', 'eng', 'eng', 'eng', 'eng', 'chi', 'chi', 'eng', 'chi', 'chi', 'eng', 'eng', 'eng', 'eng']"
1,12.07,0.27,0.2,0.96,0.89,0.87,3,3,2,如果一个聪明的 extra-terrestrial 因在我们地球上编写生活的 encyclopedia 而被收税的话，27 out of 30 卷中会有27卷 讲述细菌和 virus，只有很少的几卷 讲述植物，fungus 和动物，人类的内容只是补充说明而已 这会是一个很有趣的 footnote，但是仅此而已。,[],[],如果一个聪明的天外来客 因在我们地球上编写生活的大百科全书而被收税的话， 30卷中会有27卷 讲述细菌和病毒， 只有很少的几卷 讲述植物，真菌和动物 人类的内容只是补充说明而已 这会是一个很有趣的脚注，但是仅此而已。,"If an intelligent extra-terrestrial was taxed with writing the encyclopedia of life on our planet, 27 out of 30 of these volumes would be devoted to bacteria and virus, with just a few of the volumes left for plants, fungus and animals, humans being a footnote; interesting footnote but a footnote nonetheless.","['如果', '一个', '聪明', '的', 'extra-terrestrial', '因在', '我们', '地球', '上', '编写', '生活', '的', 'encyclopedia', '而', '被', '收税', '的话', '，', '27', 'out', 'of', '30', '卷', '中会', '有', '27', '卷', '讲述', '细菌', '和', 'virus', '，', '只有', '很少', '的', '几卷', '讲述', '植物', '，', 'fungus', '和', '动物', '，', '人类', '的', '内容', '只是', '补充', '说明', '而已', '这会', '是', '一个', '很', '有趣', '的', 'footnote', '，', '但是', '仅此而已', '。']","['chi', 'chi', 'chi', 'chi', 'eng', 'chi', 'chi', 'chi', 'chi', 'chi', 'chi', 'chi', 'eng', 'chi', 'chi', 'chi', 'chi', 'chi', 'other', 'eng', 'eng', 'other', 'chi', 'chi', 'chi', 'other', 'chi', 'chi', 'chi', 'chi', 'eng', 'chi', 'chi', 'chi', 'chi', 'chi', 'chi', 'chi', 'chi', 'eng', 'chi', 'chi', 'chi', 'chi', 'chi', 'chi', 'chi', 'chi', 'chi', 'chi', 'chi', 'chi', 'chi', 'chi', 'chi', 'chi', 'eng', 'chi', 'chi', 'chi', 'chi']"
2,25.0,0.6,0.11,0.88,0.81,0.82,3,3,3,但大部分情况下，它是通过各种形式的 crazy parts of human behavior 来实现的。,[],[],但大部分情况下，它是通过各种形式的 毫无意义的人类行为 来实现的。,"But mostly, it's achieved through all those kind of crazy parts of human behavior that don't really make any sense.","['但', '大部分', '情况', '下', '，', '它', '是', '通过', '各种', '形式', '的', 'crazy', 'parts', 'of', 'human', 'behavior', '来', '实现', '的', '。']","['chi', 'chi', 'chi', 'chi', 'chi', 'chi', 'chi', 'chi', 'chi', 'chi', 'chi', 'eng', 'eng', 'eng', 'eng', 'eng', 'chi', 'chi', 'chi', 'chi']"
3,21.88,0.52,0.31,0.94,0.92,0.85,3,3,3,化学家Lee Cronin在研究一种能打印分子的3D打印机。一个exciting且很有潜力的long-term application：利用化学inks来打印你自己的medicine。,[],[],化学家李.克罗宁在研究一种能打印分子的3D打印机。一个令人兴奋且很有潜力的长期应用程式：利用化学链接来打印你自己的药物。,"Chemist Lee Cronin is working on a 3D printer that, instead of objects, is able to print molecules. An exciting potential long-term application: printing your own medicine using chemical inks.","['化学家', 'Lee', 'Cronin', '在', '研究', '一种', '能', '打印', '分子', '的', '3D', '打印机', '。', '一个', 'exciting', '且', '很', '有', '潜力', '的', 'long-term', 'application', '：', '利用', '化学', 'inks', '来', '打印', '你', '自己', '的', 'medicine', '。']","['chi', 'eng', 'eng', 'chi', 'chi', 'chi', 'chi', 'chi', 'chi', 'chi', 'other', 'chi', 'chi', 'chi', 'eng', 'chi', 'chi', 'chi', 'chi', 'chi', 'eng', 'eng', 'chi', 'chi', 'chi', 'eng', 'chi', 'chi', 'chi', 'chi', 'chi', 'eng', 'chi']"
4,38.89,0.91,0.21,0.9,0.82,0.82,2,2,2,"""马士基航运公司审视他们的 competition and saw that 船运业中所有人都认为：time is money.""",[],[],马士基航运公司审视他们的竞争者， 看到船运业中所有人都认为：时间就是金钱。,The Maersk Line looked at their competition and saw that everybody who is in shipping thinks time is money.,"['""', '马士基', '航运公司', '审视', '他们', '的', 'competition', 'and', 'saw', 'that', '船运', '业中', '所有人', '都', '认为', '：', 'time', 'is', 'money.', '""']","['other', 'chi', 'chi', 'chi', 'chi', 'chi', 'eng', 'eng', 'eng', 'eng', 'chi', 'chi', 'chi', 'chi', 'chi', 'chi', 'eng', 'eng', 'eng', 'other']"
5,27.78,0.67,0.18,0.87,0.95,0.81,3,3,3,"有人以为游泳 is a very solo sport, 你只要 dive into the sea and off you go.",[],[],有人以为游泳完全是个人运动项目， 你只要跳进海里游就好了。,"Some people think that swimming is a very solo sport, you just dive into the sea and off you go.","['有人', '以为', '游泳', 'is', 'a', 'very', 'solo', 'sport,', '你', '只要', 'dive', 'into', 'the', 'sea', 'and', 'off', 'you', 'go.']","['chi', 'chi', 'chi', 'eng', 'eng', 'eng', 'eng', 'eng', 'chi', 'chi', 'eng', 'eng', 'eng', 'eng', 'eng', 'eng', 'eng', 'eng']"
6,21.88,0.52,0.1,0.97,0.9,0.88,3,2,2,我确信我以后并不会停止吃动物食品， 但是我想为了每个人的利益， 现在是时候停止 raising them industrially 并且 stop eating them thoughtlessly.,[],[],我确信我以后并不会停止吃动物食品， 但是我想为了每个人的利益， 现在是时候停止将动物产业化饲养 并且停止随意地食用它们。,"I'll never stop eating animals, I'm sure, but I do think that for the benefit of everyone, the time has come to stop raising them industrially and stop eating them thoughtlessly.","['我', '确信', '我', '以后', '并', '不会', '停止', '吃', '动物', '食品', '，', '但是', '我', '想', '为了', '每个', '人', '的', '利益', '，', '现在', '是', '时候', '停止', 'raising', 'them', 'industrially', '并且', 'stop', 'eating', 'them', 'thoughtlessly.']","['chi', 'chi', 'chi', 'chi', 'chi', 'chi', 'chi', 'chi', 'chi', 'chi', 'chi', 'chi', 'chi', 'chi', 'chi', 'chi', 'chi', 'chi', 'chi', 'chi', 'chi', 'chi', 'chi', 'chi', 'eng', 'eng', 'eng', 'chi', 'eng', 'eng', 'eng', 'eng']"
7,46.88,0.99,0.09,0.88,0.91,0.81,2,2,2,"结果是,将近一半的孩子, or about 1.8 million newborns around the world, 如果可以取暖的话就可以存活下 他们生命的 first three days, maybe the first week.",[],[],"结果是,将近一半的孩子,大约180万的新生儿, 如果可以取暖的话就可以存活下 他们生命的前三天,或者第一周","It turns out half of those kids, or about 1.8 million newborns around the world, would make it if you could just keep them warm for the first three days, maybe the first week.","['结果', '是', ',', '将近', '一半', '的', '孩子', ',', 'or', 'about', '1.8', 'million', 'newborns', 'around', 'the', 'world,', '如果', '可以', '取暖', '的话', '就', '可以', '存活', '下', '他们', '生命', '的', 'first', 'three', 'days,', 'maybe', 'the', 'first', 'week.']","['chi', 'chi', 'other', 'chi', 'chi', 'chi', 'chi', 'other', 'eng', 'eng', 'eng', 'eng', 'eng', 'eng', 'eng', 'eng', 'chi', 'chi', 'chi', 'chi', 'chi', 'chi', 'chi', 'chi', 'chi', 'chi', 'chi', 'eng', 'eng', 'eng', 'eng', 'eng', 'eng', 'eng']"
8,45.0,0.98,0.12,0.84,0.83,0.8,2,2,2,"""在这个界面中，我们离开了水， and one thing that's kind of important about this game is that, 在每一个级别中， the player is designing their creature, 这是很基本的。""",[],[],在这个界面中，我们离开了水， 这个游戏中很重要的一点是，在每一个级别中， 玩家可以自己设计生物的形态。 这是很基本的。,"Now at this point we're leaving the water, and one thing that's kind of important about this game is that, at every level, the player is designing their creature, and that's a fundamental aspect of this.","['""', '在', '这个', '界面', '中', '，', '我们', '离开', '了', '水', '，', 'and', 'one', 'thing', ""that's"", 'kind', 'of', 'important', 'about', 'this', 'game', 'is', 'that,', '在', '每', '一个', '级别', '中', '，', 'the', 'player', 'is', 'designing', 'their', 'creature,', '这', '是', '很', '基本', '的', '。', '""']","['other', 'chi', 'chi', 'chi', 'chi', 'chi', 'chi', 'chi', 'chi', 'chi', 'chi', 'eng', 'eng', 'eng', 'eng', 'eng', 'eng', 'eng', 'eng', 'eng', 'eng', 'eng', 'eng', 'chi', 'chi', 'chi', 'chi', 'chi', 'chi', 'eng', 'eng', 'eng', 'eng', 'eng', 'eng', 'chi', 'chi', 'chi', 'chi', 'chi', 'chi', 'other']"
9,34.29,0.82,0.15,0.96,0.89,0.86,2,2,2,"情况是有点不同 在于他们大概知道谁是带有敌意, where they've got someone shooting at them 或者其他的一些明显带有敌意的行动, throwing rocks, 任何东西.",[],[],情况是有点不同 在于他们大概知道谁是带有敌意 在于他们被射击 或者其他的一些明显带有敌意的行动，扔石头，任何东西,"Situation's a little bit different where perhaps they know someone who's hostile, where they've got someone shooting at them or doing something else that's clearly hostile, throwing rocks, whatever.","['情况', '是', '有点', '不同', '在于', '他们', '大概', '知道', '谁', '是', '带有', '敌意', ',', 'where', ""they've"", 'got', 'someone', 'shooting', 'at', 'them', '或者', '其他', '的', '一些', '明显', '带有', '敌意', '的', '行动', ',', 'throwing', 'rocks,', '任何', '东西', '.']","['chi', 'chi', 'chi', 'chi', 'chi', 'chi', 'chi', 'chi', 'chi', 'chi', 'chi', 'chi', 'eng', 'eng', 'eng', 'eng', 'eng', 'eng', 'eng', 'eng', 'chi', 'chi', 'chi', 'chi', 'chi', 'chi', 'chi', 'chi', 'chi', 'eng', 'eng', 'eng', 'chi', 'chi', 'eng']"
10,40.91,0.94,0.19,0.94,0.9,0.85,2,2,2,而在 intergalactic space 中，这三个 prerequisites for the open-ended creation of knowledge 存在的可能性极端之小。,[],[],而在星系间的空间中，这三个 创造开放式知识的前提条件存在的可能性极端之小。,"Out in intergalactic space, those three prerequisites for the open-ended creation of knowledge are at their lowest possible supply.","['而', '在', 'intergalactic', 'space', '中', '，', '这', '三个', 'prerequisites', 'for', 'the', 'open-ended', 'creation', 'of', 'knowledge', '存在', '的', '可能性', '极端', '之', '小', '。']","['chi', 'chi', 'eng', 'eng', 'chi', 'chi', 'chi', 'chi', 'eng', 'eng', 'eng', 'eng', 'eng', 'eng', 'eng', 'chi', 'chi', 'chi', 'chi', 'chi', 'chi', 'chi']"
11,40.0,0.92,0.21,0.95,0.91,0.88,2,2,2,他用MRI studies the brain，他宣称这是 the most beautiful brain that he has ever scanned。,[],[],他用MRI（核磁共振成像）研究大脑，他宣称 这是他扫描过的最美丽的人脑。,"He studies the brain using MRI, and he claims that this is the most beautiful brain that he has ever scanned.","['他', '用', 'MRI', 'studies', 'the', 'brain', '，', '他', '宣称', '这是', 'the', 'most', 'beautiful', 'brain', 'that', 'he', 'has', 'ever', 'scanned', '。']","['chi', 'chi', 'chi', 'eng', 'eng', 'eng', 'chi', 'chi', 'chi', 'chi', 'eng', 'eng', 'eng', 'eng', 'eng', 'eng', 'eng', 'eng', 'eng', 'chi']"
12,48.39,1.0,0.1,0.91,0.9,0.85,2,2,2,我希望你们考虑的是：What does it mean when these 点不是代表你的基因的碱基 but they connect to genomes all across the planet?,[],[],我希望你们考虑的是： 如果这些点不是代表你的基因的碱基 而是整个星球上基因相连 这意味着什么？,"So what I'd like you to consider is: What does it mean when these dots don't represent the individual bases of your genome, but they connect to genomes all across the planet?","['我', '希望', '你们', '考虑', '的', '是', '：', 'What', 'does', 'it', 'mean', 'when', 'these', '点', '不是', '代表', '你', '的', '基因', '的', '碱基', 'but', 'they', 'connect', 'to', 'genomes', 'all', 'across', 'the', 'planet', '?']","['chi', 'chi', 'chi', 'chi', 'chi', 'chi', 'chi', 'eng', 'eng', 'eng', 'eng', 'eng', 'eng', 'chi', 'chi', 'chi', 'chi', 'chi', 'chi', 'chi', 'chi', 'eng', 'eng', 'eng', 'eng', 'eng', 'eng', 'eng', 'eng', 'eng', 'eng']"
13,48.15,1.0,0.12,0.96,0.91,0.88,3,3,2,"那我就这么开始吧： a couple years ago, 一个活动策划人打电话给我，because I was going to do a speaking event.",[],[],那我就这么开始吧： 几年前，一个活动策划人打电话给我， 因为我当时要做一个演讲。,"So, I'll start with this: a couple years ago, an event planner called me because I was going to do a speaking event.","['那', '我', '就', '这么', '开始', '吧', '：', 'a', 'couple', 'years', 'ago,', '一个', '活动', '策划人', '打电话', '给', '我', '，', 'because', 'I', 'was', 'going', 'to', 'do', 'a', 'speaking', 'event.']","['chi', 'chi', 'chi', 'chi', 'chi', 'chi', 'chi', 'eng', 'eng', 'eng', 'eng', 'chi', 'chi', 'chi', 'chi', 'chi', 'chi', 'chi', 'eng', 'eng', 'eng', 'eng', 'eng', 'eng', 'eng', 'eng', 'eng']"
14,24.62,0.59,0.23,0.93,0.88,0.82,3,2,2,"当你看DNA origami的时候, you can see that 它实际上到底是什么, 即使你认为它是个很复杂的东西, is a bunch of 双螺旋平行排列在一起, 它们之所以能组合在一起, 是因为有那些短小链一端和一个螺旋结合, 同时另一端再和另一处结合.",[],[],"当你看DNA""折纸""的时候 你能看到它实际上到底是什么 即使你认为它是个很复杂的东西 其实只是一些双螺旋平行排列在一起 它们之所以能组合在一起 是因为有那些短小链一端和一个螺旋结合 同时另一端再和另一处结合","When you look at DNA origami, you can see that what it really is, even though you think it's complicated, is a bunch of double helices that are parallel to each other, and they're held together by places where short strands go along one helix and then jump to another one.","['当', '你', '看', 'DNA', 'origami', '的', '时候', ',', 'you', 'can', 'see', 'that', '它', '实际上', '到底', '是', '什么', ',', '即使', '你', '认为', '它', '是', '个', '很', '复杂', '的', '东西', ',', 'is', 'a', 'bunch', 'of', '双螺旋', '平行', '排列', '在', '一起', ',', '它们', '之所以', '能', '组合', '在', '一起', ',', '是因为', '有', '那些', '短小', '链', '一端', '和', '一个', '螺旋', '结合', ',', '同时', '另一端', '再', '和', '另', '一处', '结合', '.']","['chi', 'chi', 'chi', 'chi', 'eng', 'chi', 'chi', 'eng', 'eng', 'eng', 'eng', 'eng', 'chi', 'chi', 'chi', 'chi', 'chi', 'eng', 'chi', 'chi', 'chi', 'chi', 'chi', 'chi', 'chi', 'chi', 'chi', 'chi', 'eng', 'eng', 'eng', 'eng', 'eng', 'chi', 'chi', 'chi', 'chi', 'chi', 'eng', 'chi', 'chi', 'chi', 'chi', 'chi', 'chi', 'eng', 'chi', 'chi', 'chi', 'chi', 'chi', 'chi', 'chi', 'chi', 'chi', 'chi', 'eng', 'chi', 'chi', 'chi', 'chi', 'chi', 'chi', 'chi', 'eng']"
15,46.88,0.99,0.26,0.94,0.9,0.89,3,2,2,"我们首先将从看这个 white ball 开始 -- and I'm going to tell you 哪种颜色, 同时我还会告诉你 to go with your fingers. 好了吗？",[],[],我们首先将从看这个白色的球开始 然后我会告诉你哪种颜色 同时我还会告诉你动气手指来。好了吗？,"So, we're going to start off looking at the white ball -- and I'm going to tell you which color, and I'm also going to tell you to go with your fingers. OK?","['我们', '首先', '将', '从', '看', '这个', 'white', 'ball', '开始', '--', 'and', ""I'm"", 'going', 'to', 'tell', 'you', '哪', '种颜色', ',', '同时', '我', '还', '会', '告诉', '你', 'to', 'go', 'with', 'your', 'fingers.', '好了吗', '？']","['chi', 'chi', 'chi', 'chi', 'chi', 'chi', 'eng', 'eng', 'chi', 'eng', 'eng', 'eng', 'eng', 'eng', 'eng', 'eng', 'chi', 'chi', 'eng', 'chi', 'chi', 'chi', 'chi', 'chi', 'chi', 'eng', 'eng', 'eng', 'eng', 'eng', 'chi', 'chi']"
16,30.43,0.73,0.36,0.91,0.93,0.87,3,3,3,基本上，一个 zero-sum game，是你习惯在 sports 中遇到的，其中有 a winner 和 a loser。,[],[],基本上，一个零和的游戏，是你习惯在运动会中遇到的， 其中有优胜者和失败者。,"Basically, a zero-sum game is the kind you're used to in sports, where there's a winner and a loser.","['基本上', '，', '一个', 'zero-sum', 'game', '，', '是', '你', '习惯', '在', 'sports', '中', '遇到', '的', '，', '其中', '有', 'a', 'winner', '和', 'a', 'loser', '。']","['chi', 'chi', 'chi', 'eng', 'eng', 'chi', 'chi', 'chi', 'chi', 'chi', 'eng', 'chi', 'chi', 'chi', 'chi', 'chi', 'chi', 'eng', 'eng', 'chi', 'eng', 'eng', 'chi']"
17,38.1,0.89,0.2,0.91,0.92,0.84,2,2,2,例如，他们会告诉一个14-year-old kid，他们会给他一whole roll of bills to hold。,[],[],例如，他们会告诉一个14岁的孩子， 他们会给他一整把美金。,"So for instance, they would give a 14-year-old kid -- they'd give him a whole, you know, roll of bills to hold.","['例如', '，', '他们', '会', '告诉', '一个', '14-year-old', 'kid', '，', '他们', '会', '给', '他', '一', 'whole', 'roll', 'of', 'bills', 'to', 'hold', '。']","['chi', 'chi', 'chi', 'chi', 'chi', 'chi', 'eng', 'eng', 'chi', 'chi', 'chi', 'chi', 'chi', 'chi', 'eng', 'eng', 'eng', 'eng', 'eng', 'eng', 'chi']"
18,35.71,0.85,0.19,0.91,0.92,0.84,3,3,2,"汤姆·梅恩：Howard? 我正坐在Howard旁边。显然，我不认识他。 哦，he's going, I hope you're not next.",[],[],汤姆·梅恩：霍华德？我正坐在霍华德旁边。显然，我不认识他。 哦，他要走了，你们可别丢下我。,"Thom Mayne: Howard? I'm sitting next to Howard. I don't know Howard, obviously, and he's going, I hope you're not next.","['汤姆', '·', '梅恩', '：', 'Howard', '?', '我', '正', '坐在', 'Howard', '旁边', '。', '显然', '，', '我', '不', '认识', '他', '。', '哦', '，', ""he's"", 'going,', 'I', 'hope', ""you're"", 'not', 'next.']","['chi', 'chi', 'chi', 'chi', 'eng', 'eng', 'chi', 'chi', 'chi', 'eng', 'chi', 'chi', 'chi', 'chi', 'chi', 'chi', 'chi', 'chi', 'chi', 'chi', 'chi', 'eng', 'eng', 'eng', 'eng', 'eng', 'eng', 'eng']"
19,27.27,0.66,0.23,0.97,0.9,0.88,3,2,3,故在3年内，from 2003 to 2006，我们能够建立一些norm in place。这些规范确实改变了过去的paradigm，有关渔民从事deep-sea bottom trawling的模式，,[],[],故在3年内， 从2003到2006年， 我们能够建立一些规范。 这些规范确实改变了过去的模式， 有关渔民从事 深海拖网捕捞的模式，,"So within three years, from 2003 to 2006, we were able to get norm in place that actually changed the paradigm of how fishers went about deep-sea bottom trawling.","['故', '在', '3', '年内', '，', 'from', '2003', 'to', '2006', '，', '我们', '能够', '建立', '一些', 'norm', 'in', 'place', '。', '这些', '规范', '确实', '改变', '了', '过去', '的', 'paradigm', '，', '有关', '渔民', '从事', 'deep-sea', 'bottom', 'trawling', '的', '模式', '，']","['chi', 'chi', 'other', 'chi', 'chi', 'eng', 'other', 'eng', 'other', 'chi', 'chi', 'chi', 'chi', 'chi', 'eng', 'eng', 'eng', 'chi', 'chi', 'chi', 'chi', 'chi', 'chi', 'chi', 'chi', 'eng', 'chi', 'chi', 'chi', 'chi', 'eng', 'eng', 'eng', 'chi', 'chi', 'chi']"
20,12.0,0.27,0.25,0.98,0.89,0.88,3,3,2,20年前，在a conference Richard和我一同参加的一个会上，我wrote a poem，在今天同样适用。,[],[],20年前，在Richard和我一同参加的一个会上， 我写了一首诗，在今天同样适用。,"Twenty years ago, in a conference Richard and I were at together, I wrote a poem, which seems to me to still hold for me today.","['20', '年前', '，', '在', 'a', 'conference', 'Richard', '和', '我', '一同', '参加', '的', '一个', '会上', '，', '我', 'wrote', 'a', 'poem', '，', '在', '今天', '同样', '适用', '。']","['chi', 'chi', 'chi', 'chi', 'chi', 'eng', 'chi', 'chi', 'chi', 'chi', 'chi', 'chi', 'chi', 'chi', 'chi', 'chi', 'eng', 'chi', 'eng', 'chi', 'chi', 'chi', 'chi', 'chi', 'chi']"
21,40.74,0.93,0.12,0.88,0.9,0.86,3,3,2,"他写道：“The universe cannot be read 除非学会它的语言，且 become familiar with the characters in which it is written.""",[],[],他写道：“我们无法阅读宇宙， 除非学会它的语言， 且熟悉其写作特点。,"He wrote, ""The universe cannot be read until we have learnt the language and become familiar with the characters in which it is written.","['他', '写道', '：', '“', 'The', 'universe', 'cannot', 'be', 'read', '除非', '学会', '它', '的', '语言', '，', '且', 'become', 'familiar', 'with', 'the', 'characters', 'in', 'which', 'it', 'is', 'written.', '""']","['chi', 'chi', 'chi', 'chi', 'eng', 'eng', 'eng', 'eng', 'eng', 'chi', 'chi', 'chi', 'chi', 'chi', 'chi', 'chi', 'eng', 'eng', 'eng', 'eng', 'eng', 'eng', 'eng', 'eng', 'eng', 'eng', 'eng']"
22,35.71,0.85,0.21,0.98,0.91,0.89,2,2,2,"大约于一 year and a half ago, Stephen Lawler 在TED 2007 做了一个关于虚拟地球的演讲, brought me over to become the architect of Bing Maps, 那是微软于在线地图方面的一次努力.",[],[],大约于一年半前 Stephen Lawler 在TED 2007 做了一个 关于虚拟地球的演讲 也是他使我成为Bing地图的软件建筑师 那是微软于在线地图方面的一次努力,"About a year and a half ago, Stephen Lawler, who also gave a talk here at TED in 2007 on Virtual Earth, brought me over to become the architect of Bing Maps, which is Microsoft's online-mapping effort.","['大约', '于', '一', 'year', 'and', 'a', 'half', 'ago,', 'Stephen', 'Lawler', '在', 'TED', '2007', '做', '了', '一个', '关于', '虚拟', '地球', '的', '演讲', ',', 'brought', 'me', 'over', 'to', 'become', 'the', 'architect', 'of', 'Bing', 'Maps,', '那', '是', '微软', '于', '在线', '地图', '方面', '的', '一次', '努力', '.']","['chi', 'chi', 'chi', 'eng', 'eng', 'chi', 'eng', 'eng', 'chi', 'chi', 'chi', 'chi', 'other', 'chi', 'chi', 'chi', 'chi', 'chi', 'chi', 'chi', 'chi', 'eng', 'eng', 'eng', 'eng', 'eng', 'eng', 'eng', 'eng', 'eng', 'chi', 'eng', 'chi', 'chi', 'chi', 'chi', 'chi', 'chi', 'chi', 'chi', 'chi', 'chi', 'eng']"
23,13.33,0.3,0.14,0.94,0.89,0.84,3,3,3,这个框架是用木头 和composite materials作成的，所以很难收回这些能量，如果你用FSC-certified lumber它们是可成为可持续性的能源。,[],[],这个框架是用木头 和合成材料作成的， 所以很难收回这些能量， 如果你用F.S.C. 验证的木材 它们是可成为可持续性的能源。,"And so this is framing -- lumber, composite materials -- and it's kind of hard to get the embodied energy out of that, but it can be a sustainable resource if you use FSC-certified lumber.","['这个', '框架', '是', '用', '木头', '和', 'composite', 'materials', '作成', '的', '，', '所以', '很难', '收回', '这些', '能量', '，', '如果', '你', '用', 'FSC-certified', 'lumber', '它们', '是', '可', '成为', '可持续性', '的', '能源', '。']","['chi', 'chi', 'chi', 'chi', 'chi', 'chi', 'eng', 'eng', 'chi', 'chi', 'chi', 'chi', 'chi', 'chi', 'chi', 'chi', 'chi', 'chi', 'chi', 'chi', 'eng', 'eng', 'chi', 'chi', 'chi', 'chi', 'chi', 'chi', 'chi', 'chi']"
24,36.0,0.85,0.12,0.97,0.86,0.84,3,3,3,"现在有几十个，可能是上百个研究显示 if you believe you're drinking the expensive stuff, 你会觉得它更好喝.",[],[],现在有几十个，可能是上百个研究显示 如果你相信你在喝昂贵的东西 你会觉得它更好喝,"There are now dozens, perhaps hundreds of studies showing that if you believe you're drinking the expensive stuff, it tastes better to you.","['现在', '有', '几十个', '，', '可能', '是', '上', '百个', '研究', '显示', 'if', 'you', 'believe', ""you're"", 'drinking', 'the', 'expensive', 'stuff,', '你', '会', '觉得', '它', '更好', '喝', '.']","['chi', 'chi', 'chi', 'chi', 'chi', 'chi', 'chi', 'chi', 'chi', 'chi', 'eng', 'eng', 'eng', 'eng', 'eng', 'eng', 'eng', 'eng', 'chi', 'chi', 'chi', 'chi', 'chi', 'chi', 'eng']"
25,16.67,0.38,0.2,0.94,0.91,0.88,3,3,2,不仅如此，当你 cut emissions 的时候，你并没有 cut concentrations。因为 concentrations，是空气中CO2的总量，是长期排放的总和。,[],[],不仅如此，当你减少排量的时候，你并没有减少浓度。 因为浓度的定义是空气中CO2的总量， 是长期排放的总和。,"And not only that, when you cut emissions, you don't cut concentrations, because concentrations, the amount of CO2 in the air, is the sum of emissions over time.","['不仅如此', '，', '当', '你', 'cut', 'emissions', '的', '时候', '，', '你', '并', '没有', 'cut', 'concentrations', '。', '因为', 'concentrations', '，', '是', '空气', '中', 'CO2', '的', '总量', '，', '是', '长期', '排放', '的', '总和', '。']","['chi', 'chi', 'chi', 'chi', 'eng', 'eng', 'chi', 'chi', 'chi', 'chi', 'chi', 'chi', 'eng', 'eng', 'chi', 'chi', 'eng', 'chi', 'chi', 'chi', 'chi', 'other', 'chi', 'chi', 'chi', 'chi', 'chi', 'chi', 'chi', 'chi', 'chi']"
26,32.14,0.77,0.32,0.89,0.87,0.88,3,3,3,"""你们的软件不但crashed了我的Mac♪ 还一直hangs和bombs -- 擦除了我的ROMS! 现在那Mac makes the sounds of silence.""",[],[],你们的软件不但宕了我的Mac♪ 还一直挂起和破坏 -- 擦除了我的ROM! 现在那Mac♪ 发出了寂静之声♪,It's not enough your software crashed my Mac and it constantly hangs and bombs -- it erased my ROMS! Now the Mac makes the sounds of silence.,"['""', '你们', '的', '软件', '不但', 'crashed', '了', '我', '的', 'Mac', '♪', '还', '一直', 'hangs', '和', 'bombs', '--', '擦', '除了', '我', '的', 'ROMS', '!', '现在', '那', 'Mac', 'makes', 'the', 'sounds', 'of', 'silence.', '""']","['other', 'chi', 'chi', 'chi', 'chi', 'eng', 'chi', 'chi', 'chi', 'chi', 'chi', 'chi', 'chi', 'eng', 'chi', 'eng', 'other', 'chi', 'chi', 'chi', 'chi', 'eng', 'other', 'chi', 'chi', 'chi', 'eng', 'eng', 'eng', 'eng', 'eng', 'other']"
27,44.44,0.98,0.18,0.91,0.86,0.83,3,3,2,他曾告诉我 -- he looked kind of sad; 他很担心那些 haves and have-nots.,[],[],他曾告诉我 －－ 他看起来有些悲伤； 他很担心那些拥有一切的和一无所有的。,He once told me -- he looked kind of sad; he worries very much about the haves and have-nots.,"['他', '曾', '告诉', '我', '--', 'he', 'looked', 'kind', 'of', 'sad', ';', '他', '很', '担心', '那些', 'haves', 'and', 'have-nots.']","['chi', 'chi', 'chi', 'chi', 'eng', 'eng', 'eng', 'eng', 'eng', 'eng', 'eng', 'chi', 'chi', 'chi', 'chi', 'eng', 'eng', 'eng']"
28,37.04,0.87,0.22,0.93,0.87,0.82,3,3,2,意识到在这种环境下 it's difficult to get loans，人们开始和 those people you trust 做生意，在他们熟悉的 local markets。,[],[],意识到在这种环境下很难获得融资， 人们开始和那些信赖的人做生意， 在他们熟悉的地方性市场。,"Realizing that it's difficult to get loans in this environment, you're doing business with people you trust, in your local markets.","['意识', '到', '在', '这种', '环境', '下', ""it's"", 'difficult', 'to', 'get', 'loans', '，', '人们', '开始', '和', 'those', 'people', 'you', 'trust', '做生意', '，', '在', '他们', '熟悉', '的', 'local', 'markets', '。']","['chi', 'chi', 'chi', 'chi', 'chi', 'chi', 'eng', 'eng', 'eng', 'eng', 'eng', 'chi', 'chi', 'chi', 'chi', 'other', 'eng', 'eng', 'eng', 'chi', 'chi', 'chi', 'chi', 'chi', 'chi', 'eng', 'eng', 'chi']"
29,32.5,0.78,0.1,0.94,0.87,0.85,3,3,2,"但是，我今天要告诉你 that I'm committed to seeing this project done, 要看看在这10年内 我们是否最终可以掌握 我们宇宙的规则 并且知道我们宇宙在 the space of all possible universes...",[],[],但是，我今天要告诉你 我要把这个项目做完， 要看看在这10年内 我们是否最终可以掌握 我们宇宙的规则 并且知道我们宇宙在 所有可能的宇宙空间的位置,"But I'll tell you, here today, that I'm committed to seeing this project done, to see if, within this decade, we can finally hold in our hands the rule for our universe and know where our universe lies in the space of all possible universes ...","['但是', '，', '我', '今天', '要', '告诉', '你', 'that', ""I'm"", 'committed', 'to', 'seeing', 'this', 'project', 'done,', '要', '看看', '在', '这', '10', '年内', '我们', '是否', '最终', '可以', '掌握', '我们', '宇宙', '的', '规则', '并且', '知道', '我们', '宇宙', '在', 'the', 'space', 'of', 'all', 'possible', 'universes...']","['chi', 'chi', 'chi', 'chi', 'chi', 'chi', 'chi', 'eng', 'eng', 'eng', 'eng', 'eng', 'eng', 'eng', 'eng', 'chi', 'chi', 'chi', 'chi', 'chi', 'chi', 'chi', 'chi', 'chi', 'chi', 'chi', 'chi', 'chi', 'chi', 'chi', 'chi', 'chi', 'chi', 'chi', 'chi', 'eng', 'eng', 'eng', 'eng', 'eng', 'other']"
30,26.32,0.63,0.16,0.95,0.84,0.87,2,2,2,还有，大家可能听说过 this giant clam 发现于冰岛北部的海边 已经有405 years old.,[],[],还有，大家可能听说过 一只巨大的蛤蜊 发现于冰岛北部的海边 已经有405岁了。,"And then, you might have heard of this giant clam that was discovered off the coast of northern Iceland that reached 405 years old.","['还有', '，', '大家', '可能', '听说', '过', 'this', 'giant', 'clam', '发现', '于', '冰岛', '北部', '的', '海边', '已经', '有', '405', 'years', 'old.']","['chi', 'chi', 'chi', 'chi', 'chi', 'chi', 'eng', 'eng', 'eng', 'chi', 'chi', 'chi', 'chi', 'chi', 'chi', 'chi', 'chi', 'other', 'eng', 'eng']"
31,36.36,0.86,0.14,0.91,0.84,0.8,3,3,3,所以你可以看到highly stylized的肖像方法 它并不是完全属于这个星球--it was a portrait of a star.,[],[],所以你可以看到高度风格化的肖像方法 它并不是完全属于这个星球--它是一颗星星的肖像。,So you've got this highly stylized portrait of something that was not entirely of this earth -- it was a portrait of a star.,"['所以', '你', '可以', '看到', 'highly', 'stylized', '的', '肖像', '方法', '它', '并', '不是', '完全', '属于', '这个', '星球', '--it', 'was', 'a', 'portrait', 'of', 'a', 'star.']","['chi', 'chi', 'chi', 'chi', 'eng', 'eng', 'chi', 'chi', 'chi', 'chi', 'chi', 'chi', 'chi', 'chi', 'chi', 'chi', 'other', 'eng', 'eng', 'eng', 'eng', 'eng', 'eng']"
32,44.44,0.98,0.12,0.88,0.91,0.8,2,2,2,参与社交传媒网的所有人 都能被归入 the same old demographic categories 那些媒体公司和广告商们 have used in order to understand them.,[],[],参与社交传媒网的所有人 都能被归入以前旧的人口统计学里的种类 那些媒体公司和广告商们 以前用来了解人们的统计种类。,All the people who participate in social media networks belong to the same old demographic categories that media companies and advertisers have used in order to understand them.,"['参与', '社交', '传媒网', '的', '所有人', '都', '能', '被', '归入', 'the', 'same', 'old', 'demographic', 'categories', '那些', '媒体', '公司', '和', '广告商', '们', 'have', 'used', 'in', 'order', 'to', 'understand', 'them.']","['chi', 'chi', 'chi', 'chi', 'chi', 'chi', 'chi', 'chi', 'chi', 'eng', 'eng', 'eng', 'eng', 'eng', 'chi', 'chi', 'chi', 'chi', 'chi', 'chi', 'eng', 'eng', 'eng', 'eng', 'eng', 'eng', 'eng']"
33,33.33,0.8,0.14,0.96,0.94,0.93,3,3,3,有段时间我在 The New York Times 工作，那是 '80s 的事情了，我写了一篇文章谈到纽约的新问题—— it was homeless people on the streets.,[],[],有段时间我在《纽约时报》工作， 那是80年代的事情了，我写了一篇文章 谈到纽约的新问题—— 大街上无家可归的人们。,"Some time ago when I was working for The New York Times, it was in the '80s, I did an article on what was then a new problem in New York -- it was homeless people on the streets.","['有', '段时间', '我', '在', 'The', 'New', 'York', 'Times', '工作', '，', '那', '是', ""'80s"", '的', '事情', '了', '，', '我', '写', '了', '一篇', '文章', '谈到', '纽约', '的', '新', '问题', '—', '—', 'it', 'was', 'homeless', 'people', 'on', 'the', 'streets.']","['chi', 'chi', 'chi', 'chi', 'eng', 'eng', 'eng', 'eng', 'chi', 'chi', 'chi', 'chi', 'eng', 'chi', 'chi', 'chi', 'chi', 'chi', 'chi', 'chi', 'chi', 'chi', 'chi', 'chi', 'chi', 'chi', 'chi', 'chi', 'chi', 'eng', 'eng', 'eng', 'eng', 'eng', 'eng', 'eng']"
34,15.38,0.35,0.25,0.97,0.87,0.84,3,3,3,"你也许认为左边这张图是 male, 右边这张图是 female.",[],[],你也许认为左边这张图是男性 右边这张图是女性,"You probably think the picture on the left is male, the one on the right is female.","['你', '也许', '认为', '左边', '这', '张图', '是', 'male,', '右边', '这', '张图', '是', 'female.']","['chi', 'chi', 'chi', 'chi', 'chi', 'chi', 'chi', 'eng', 'chi', 'chi', 'chi', 'chi', 'eng']"
35,36.67,0.87,0.21,0.85,0.87,0.8,3,2,2,"""因为我已经失去了 my jaw, 所以我已经无法达到 a seal, and therefore 我的舌头 和所有其他的 vocal equipment was rendered powerless.""",[],[],"因为我已经失去了下颚 所以我已经无法达到密封的要求 因此我的舌头 和所有其他的发声器官 就相应的失去了作用""","Because I had lost my jaw, I could no longer form a seal, and therefore my tongue and all of my other vocal equipment was rendered powerless.","['""', '因为', '我', '已经', '失去', '了', 'my', 'jaw,', '所以', '我', '已经', '无法', '达到', 'a', 'seal,', 'and', 'therefore', '我', '的', '舌头', '和', '所有', '其他', '的', 'vocal', 'equipment', 'was', 'rendered', 'powerless.', '""']","['chi', 'chi', 'chi', 'chi', 'chi', 'chi', 'eng', 'eng', 'chi', 'chi', 'chi', 'chi', 'chi', 'eng', 'eng', 'eng', 'eng', 'chi', 'chi', 'chi', 'chi', 'chi', 'chi', 'chi', 'eng', 'eng', 'eng', 'eng', 'eng', 'chi']"
36,14.63,0.33,0.16,0.96,0.89,0.86,3,3,3,"当我们说""gather""我们的想法，并""put"" them ""into"" words, 如果我们说的话并不""empty""或者""hollow"", 我们就可以把意思传达""across"" 让一个能够""unpack""我们的语言而提取""content"".",[],[],"当我们说""gather""（收集）我们的想法，并""'put' them 'into' word""（把它们付诸语言） 如果我们说的话并不""empty""或者""hollow""（空洞） 我们就可以把意思传达“过去” 让一个能够”拆解“我们的语言而提取“内涵”","As when we say we ""gather"" our ideas, to ""put"" them ""into"" words, and if our words aren't ""empty"" or ""hollow,"" we might get these ideas ""across"" to a listener, who can ""unpack"" our words to ""extract"" their ""content.""","['当', '我们', '说', '""', 'gather', '""', '我们', '的', '想法', '，', '并', '""', 'put', '""', 'them', '""', 'into', '""', 'words,', '如果', '我们', '说', '的话', '并', '不', '""', 'empty', '""', '或者', '""', 'hollow', '""', ',', '我们', '就', '可以', '把', '意思', '传达', '""', 'across', '""', '让', '一个', '能够', '""', 'unpack', '""', '我们', '的', '语言', '而', '提取', '""', 'content', '""', '.']","['chi', 'chi', 'chi', 'other', 'chi', 'other', 'chi', 'chi', 'chi', 'chi', 'chi', 'other', 'chi', 'other', 'chi', 'other', 'chi', 'other', 'eng', 'chi', 'chi', 'chi', 'chi', 'chi', 'chi', 'other', 'chi', 'other', 'chi', 'other', 'chi', 'other', 'eng', 'chi', 'chi', 'chi', 'chi', 'chi', 'chi', 'other', 'eng', 'other', 'chi', 'chi', 'chi', 'other', 'eng', 'other', 'chi', 'chi', 'chi', 'chi', 'chi', 'other', 'eng', 'other', 'eng']"
37,32.0,0.77,0.17,0.93,0.93,0.86,3,3,3,"大家可以看到，这里，有一些 direct light on the floor, 但他们也可以 easily figure out 这光束来自哪里。",[],[],大家可以看到，这里，有一些光线直射向地板， 但他们也可以立刻判断出这光束来自哪里。,"As you can see here, there's some direct light on the floor, but they could easily figure out where that comes from.","['大家', '可以', '看到', '，', '这里', '，', '有', '一些', 'direct', 'light', 'on', 'the', 'floor,', '但', '他们', '也', '可以', 'easily', 'figure', 'out', '这', '光束', '来自', '哪里', '。']","['chi', 'chi', 'chi', 'chi', 'chi', 'chi', 'chi', 'chi', 'eng', 'eng', 'eng', 'eng', 'eng', 'chi', 'chi', 'chi', 'chi', 'eng', 'eng', 'eng', 'chi', 'chi', 'chi', 'chi', 'chi']"
38,46.88,0.99,0.12,0.88,0.88,0.85,2,2,2,"""雷切尔·内奥米·雷曼 自己实际上就在 bringing compassion back to its rightful place alongside science 就在她所从事的医学领域 in the training of new doctors.""",[],[],雷切尔·内奥米·雷曼 自己实际上就在将同情 重新置于与科学并重的位置上 就在她所从事的医学领域 通过训练新的医生,Rachel Naomi Remen is actually bringing compassion back to its rightful place alongside science in her field of medicine in the training of new doctors.,"['""', '雷切尔', '·', '内奥米', '·', '雷曼', '自己', '实际上', '就', '在', 'bringing', 'compassion', 'back', 'to', 'its', 'rightful', 'place', 'alongside', 'science', '就', '在', '她', '所', '从事', '的', '医学', '领域', 'in', 'the', 'training', 'of', 'new', 'doctors.', '""']","['other', 'chi', 'chi', 'chi', 'chi', 'chi', 'chi', 'chi', 'chi', 'chi', 'eng', 'eng', 'eng', 'eng', 'eng', 'eng', 'eng', 'eng', 'eng', 'chi', 'chi', 'chi', 'chi', 'chi', 'chi', 'chi', 'chi', 'eng', 'eng', 'eng', 'eng', 'eng', 'eng', 'other']"
39,31.82,0.77,0.29,0.92,0.85,0.84,3,3,3,如果我 zoom in 到 lower Manhattan，你便可以看见 New York City 在美国革命末的模样。,[],[],如果我放大到曼哈顿下城区， 你便可以看见纽约市 在美国革命末的模样。,"And if I zoom in to lower Manhattan you can see the extent of New York City as it was, right at the end of the American Revolution.","['如果', '我', 'zoom', 'in', '到', 'lower', 'Manhattan', '，', '你', '便', '可以', '看见', 'New', 'York', 'City', '在', '美国', '革命', '末', '的', '模样', '。']","['chi', 'chi', 'eng', 'eng', 'chi', 'eng', 'eng', 'chi', 'chi', 'chi', 'chi', 'chi', 'eng', 'eng', 'eng', 'chi', 'chi', 'chi', 'chi', 'chi', 'chi', 'chi']"
40,44.83,0.98,0.11,0.92,0.85,0.81,2,2,2,"我们需要迅速承认到这些专家和天使 identify them, and allow them to easily find the resource 去推广他们在做的事情 and doing well.",[],[],我们需要迅速承认到这些专家和天使 找到他们， 允许他们方便地找到资源 去推广他们在做的事情 做得更好,"We need to recognize the experts and the angels quickly, identify them, and allow them to easily find the resource to keep rolling out what they're already doing, and doing well.","['我们', '需要', '迅速', '承认', '到', '这些', '专家', '和', '天使', 'identify', 'them,', 'and', 'allow', 'them', 'to', 'easily', 'find', 'the', 'resource', '去', '推广', '他们', '在', '做', '的', '事情', 'and', 'doing', 'well.']","['chi', 'chi', 'chi', 'chi', 'chi', 'chi', 'chi', 'chi', 'chi', 'eng', 'eng', 'eng', 'eng', 'eng', 'eng', 'eng', 'eng', 'eng', 'eng', 'chi', 'chi', 'chi', 'chi', 'chi', 'chi', 'chi', 'eng', 'eng', 'eng']"
41,18.75,0.44,0.13,0.96,0.85,0.83,3,2,2,我们自己得担起责任去setting and enforcing我们生活中的各种界限。,[],[],我们自己得担起责任 去设定并强化 我们生活中的各种界限。,We have to be responsible for setting and enforcing the boundaries that we want in our life.,"['我们', '自己', '得', '担起', '责任', '去', 'setting', 'and', 'enforcing', '我们', '生活', '中', '的', '各种', '界限', '。']","['chi', 'chi', 'chi', 'chi', 'chi', 'chi', 'eng', 'eng', 'eng', 'chi', 'chi', 'chi', 'chi', 'chi', 'chi', 'chi']"
42,36.0,0.85,0.17,0.97,0.91,0.92,3,3,3,"你可以查看ORCATech.org -- it has nothing to do with whales, 这是俄勒冈州的老龄化技术中心 -- 得知更多的信息。",[],[],你可以查看ORCATech.org- 这跟鲸鱼没有关系，这是俄勒冈州的老龄化技术中心- 得知更多的信息。,"You can go to ORCATech.org -- it has nothing to do with whales, it's the Oregon Center for Aging and Technology -- to see more about that.","['你', '可以', '查看', 'ORCATech.org', '--', 'it', 'has', 'nothing', 'to', 'do', 'with', 'whales,', '这是', '俄勒冈州', '的', '老龄化', '技术', '中心', '--', '得知', '更', '多', '的', '信息', '。']","['chi', 'chi', 'chi', 'chi', 'eng', 'eng', 'eng', 'eng', 'eng', 'eng', 'eng', 'eng', 'chi', 'chi', 'chi', 'chi', 'chi', 'chi', 'eng', 'chi', 'chi', 'chi', 'chi', 'chi', 'chi']"
43,16.67,0.38,0.12,0.99,0.82,0.83,3,3,3,"但当我渐渐长大，我越来越疑惑 究竟什么是 ""success"" 的真正意义",[],[],但当我渐渐长大，我越来越疑惑 究竟什么是“成功”的真正意义,"But as I get older, I'm also very nuanced about what that word ""success"" might mean.","['但', '当', '我', '渐渐', '长大', '，', '我', '越来越', '疑惑', '究竟', '什么', '是', '""', 'success', '""', '的', '真正', '意义']","['chi', 'chi', 'chi', 'chi', 'chi', 'chi', 'chi', 'chi', 'chi', 'chi', 'chi', 'chi', 'eng', 'eng', 'eng', 'chi', 'chi', 'chi']"
44,47.83,1.0,0.23,0.91,0.87,0.85,3,2,2,但是 the world has changed，是时候去 upgrade that mindset 了，去对世界分类，and to understand it.,[],[],但是世界已经变化了， 是时候去升级这个世界观了， 去对世界分类，以及了解这个分类。,"But the world has changed, and it's overdue to upgrade that mindset and that taxonomy of the world, and to understand it.","['但是', 'the', 'world', 'has', 'changed', '，', '是', '时候', '去', 'upgrade', 'that', 'mindset', '了', '，', '去', '对', '世界', '分类', '，', 'and', 'to', 'understand', 'it.']","['chi', 'eng', 'eng', 'eng', 'eng', 'chi', 'chi', 'chi', 'chi', 'eng', 'eng', 'eng', 'chi', 'chi', 'chi', 'chi', 'chi', 'chi', 'chi', 'eng', 'eng', 'eng', 'eng']"
45,41.38,0.94,0.14,0.94,0.91,0.85,3,3,2,"或者，当你在supermarket里，站在那个huge aisle of different types of toilet papers，面对着各种各样的厕纸，难道你会take out your cell phone, and open a browser, and go to a website to try to decide 到底哪一种厕纸是the most ecologically responsible purchase to make?",[],[],或者，当你在超市里， 站在一排巨大的货架前， 面对着各种各样的厕纸， 难道你会拿出手机，打开浏览器 登录一个网站，尝试去决定 到底哪一种厕纸 才是最环保的，最应该买的？,"Or when you go to the supermarket and you're standing there in that huge aisle of different types of toilet papers, you don't take out your cell phone, and open a browser, and go to a website to try to decide which of these different toilet papers is the most ecologically responsible purchase to make.","['或者', '，', '当', '你', '在', 'supermarket', '里', '，', '站', '在', '那个', 'huge', 'aisle', 'of', 'different', 'types', 'of', 'toilet', 'papers', '，', '面对', '着', '各种各样', '的', '厕纸', '，', '难道', '你', '会', 'take', 'out', 'your', 'cell', 'phone,', 'and', 'open', 'a', 'browser,', 'and', 'go', 'to', 'a', 'website', 'to', 'try', 'to', 'decide', '到底', '哪', '一种', '厕纸', '是', 'the', 'most', 'ecologically', 'responsible', 'purchase', 'to', 'make', '?']","['chi', 'chi', 'chi', 'chi', 'chi', 'eng', 'chi', 'chi', 'chi', 'chi', 'other', 'eng', 'eng', 'eng', 'eng', 'eng', 'eng', 'eng', 'eng', 'chi', 'chi', 'chi', 'chi', 'chi', 'chi', 'chi', 'chi', 'chi', 'chi', 'eng', 'eng', 'eng', 'eng', 'eng', 'eng', 'eng', 'eng', 'eng', 'eng', 'eng', 'eng', 'eng', 'eng', 'eng', 'eng', 'eng', 'eng', 'chi', 'chi', 'chi', 'chi', 'chi', 'eng', 'eng', 'eng', 'eng', 'eng', 'eng', 'eng', 'other']"
46,23.08,0.55,0.23,0.92,0.93,0.89,2,2,2,现在科学家认为 bacterial spores 是活着的 单个细胞，但是在 suspended animation，它们可以处于这种状态长达 250 million years。,[],[],现在科学家认为细菌孢子 是活着的 单个细胞，但是在假死状态， 它们可以处于这种状态长达2.50亿年。,"Bacterial spores are thought now by scientists to exist as individual cells that are alive, but in suspended animation for as long as 250 million years.","['现在', '科学家', '认为', 'bacterial', 'spores', '是', '活着', '的', '单个', '细胞', '，', '但是', '在', 'suspended', 'animation', '，', '它们', '可以', '处于', '这种', '状态', '长', '达', '250', 'million', 'years', '。']","['chi', 'chi', 'chi', 'other', 'eng', 'chi', 'chi', 'chi', 'chi', 'chi', 'chi', 'chi', 'chi', 'eng', 'eng', 'chi', 'chi', 'chi', 'chi', 'chi', 'chi', 'chi', 'chi', 'eng', 'eng', 'eng', 'chi']"
47,49.18,1.0,0.1,0.96,0.94,0.94,2,2,2,"不，我想做的是 take you back to 1854 in London for the next few minutes，并且 tell the story -- in brief -- of this outbreak, 这个瘟疫，从很多方面来讲，我认为，helped create the world that we live in today，特别是我们现在居住的城市的样子。",[],[],不，我想做的是在下面的几分钟，带你们回到1854年的伦敦。 并且讲个故事—— 简单地说——关于一个瘟疫的爆发。 这个瘟疫，从很多方面来讲，我认为，帮助创造了我们今天生存的世界， 特别是我们现在居住的城市的样子。,"No, what I want to do is take you back to 1854 in London for the next few minutes, and tell the story -- in brief -- of this outbreak, which in many ways, I think, helped create the world that we live in today, and particularly the kind of city that we live in today.","['不', '，', '我', '想', '做', '的', '是', 'take', 'you', 'back', 'to', '1854', 'in', 'London', 'for', 'the', 'next', 'few', 'minutes', '，', '并且', 'tell', 'the', 'story', '--', 'in', 'brief', '--', 'of', 'this', 'outbreak,', '这个', '瘟疫', '，', '从', '很多', '方面', '来讲', '，', '我', '认为', '，', 'helped', 'create', 'the', 'world', 'that', 'we', 'live', 'in', 'today', '，', '特别', '是', '我们', '现在', '居住', '的', '城市', '的', '样子', '。']","['chi', 'chi', 'chi', 'chi', 'chi', 'chi', 'chi', 'eng', 'eng', 'eng', 'eng', 'other', 'eng', 'eng', 'eng', 'eng', 'eng', 'eng', 'eng', 'chi', 'chi', 'eng', 'eng', 'eng', 'eng', 'eng', 'eng', 'eng', 'eng', 'eng', 'eng', 'chi', 'chi', 'chi', 'chi', 'chi', 'chi', 'chi', 'chi', 'chi', 'chi', 'chi', 'eng', 'eng', 'eng', 'eng', 'eng', 'eng', 'eng', 'eng', 'eng', 'chi', 'chi', 'chi', 'chi', 'chi', 'chi', 'chi', 'chi', 'chi', 'chi', 'chi']"
48,22.22,0.53,0.22,0.96,0.87,0.86,2,2,2,"一方面，变暖会直接 加剧heatwaves and droughts, 但同时，因为一个更暖的大气层 会保存更多的water vapor 和其潜在能量， rainfall will become in 更为极端 events。",[],[],一方面，变暖会直接 加剧热浪和干旱， 但同时，因为一个更暖的大气层 会保存更多的水汽 和其潜在能量， 降雨活动也将变得 更为极端。,"Heatwaves and droughts on one hand, directly from the warming, but also, because a warmer atmosphere holds more water vapor with its latent energy, rainfall will become in more extreme events.","['一方面', '，', '变暖', '会', '直接', '加剧', 'heatwaves', 'and', 'droughts,', '但', '同时', '，', '因为', '一个', '更', '暖', '的', '大气层', '会', '保存', '更', '多', '的', 'water', 'vapor', '和', '其', '潜在', '能量', '，', 'rainfall', 'will', 'become', 'in', '更为', '极端', 'events', '。']","['chi', 'chi', 'chi', 'chi', 'chi', 'chi', 'other', 'eng', 'other', 'chi', 'chi', 'chi', 'chi', 'chi', 'chi', 'chi', 'chi', 'chi', 'chi', 'chi', 'chi', 'chi', 'chi', 'eng', 'eng', 'chi', 'chi', 'chi', 'chi', 'chi', 'eng', 'eng', 'eng', 'eng', 'chi', 'chi', 'eng', 'chi']"
49,10.53,0.23,0.11,0.91,0.88,0.82,3,2,3,而且他们还决定必须要发给我一个很丑的Plexiglas trophy来奖励我的工作。,[],[],而且他们还决定必须 要发给我一个很丑的塑料奖杯来奖励我的工作。,And they also decided that I had to -- to give me a very ugly Plexiglas trophy for it.,"['而且', '他们', '还', '决定', '必须', '要', '发给', '我', '一个', '很丑', '的', 'Plexiglas', 'trophy', '来', '奖励', '我', '的', '工作', '。']","['chi', 'chi', 'chi', 'chi', 'chi', 'chi', 'chi', 'chi', 'chi', 'chi', 'chi', 'eng', 'eng', 'chi', 'chi', 'chi', 'chi', 'chi', 'chi']"
50,40.91,0.94,0.3,0.93,0.88,0.85,3,2,2,"这样，你可以 play a video game, “开”过一段音乐，使用 body gesture 来控制 huge masses of sound, 通过触摸 a special surface 来产生 melodies，还可以用自己的 voice 来营造 a whole aura.",[],[],这样，你可以打游戏，“开”过一段音乐， 使用肢体语言来控制大量的声音， 通过触摸特制的表面来产生美妙的乐音，还可以用自己的声音来营造某种氛围。,"So, you can play a video game, drive through a piece of music, use your body gesture to control huge masses of sound, touch a special surface to make melodies, use your voice to make a whole aura.","['这样', '，', '你', '可以', 'play', 'a', 'video', 'game,', '“', '开', '”', '过', '一段', '音乐', '，', '使用', 'body', 'gesture', '来', '控制', 'huge', 'masses', 'of', 'sound,', '通过', '触摸', 'a', 'special', 'surface', '来', '产生', 'melodies', '，', '还', '可以', '用', '自己', '的', 'voice', '来', '营造', 'a', 'whole', 'aura.']","['chi', 'chi', 'chi', 'chi', 'eng', 'eng', 'eng', 'eng', 'chi', 'chi', 'chi', 'chi', 'chi', 'chi', 'chi', 'chi', 'eng', 'eng', 'chi', 'chi', 'eng', 'eng', 'eng', 'eng', 'chi', 'chi', 'eng', 'eng', 'eng', 'chi', 'chi', 'eng', 'chi', 'chi', 'chi', 'chi', 'chi', 'chi', 'eng', 'chi', 'chi', 'eng', 'eng', 'eng']"
51,37.7,0.89,0.1,0.9,0.92,0.8,2,2,2,世界各国日渐受到网络攻击，这种对另一个国家的电脑系统的无声的打击，通常leave behind no trace.（还记得蠕虫吗？）在TEDxParis，Guy-Philippe Goldstein shows how cyberattacks can leap between the digital and physical worlds to prompt armed conflict -- 以及我们如何才能防止这一全球性的安全隐患。,[],[],世界各国日渐受到网络攻击，这种对另一个国家的电脑系统的无声的打击，通常无迹可寻。（还记得蠕虫吗？）在TED巴黎会上，盖尔 菲力浦 戈斯坦展示了数码世界中的网络攻击是如何导致现实世界中的武力冲突，以及我们如何才能防止这一全球性的安全隐患。,"More and more, nations are waging attacks with cyber weapons -- silent strikes on another country's computer systems that leave behind no trace. At TEDxParis, Guy-Philippe Goldstein shows how cyberattacks can leap between the digital and physical worlds to prompt armed conflict -- and how we might avert this global security hazard.","['世界', '各国', '日渐', '受到', '网络攻击', '，', '这种', '对', '另', '一个', '国家', '的', '电脑系统', '的', '无声', '的', '打击', '，', '通常', 'leave', 'behind', 'no', 'trace.', '（', '还', '记得', '蠕虫', '吗', '？', '）', '在', 'TEDxParis', '，', 'Guy-Philippe', 'Goldstein', 'shows', 'how', 'cyberattacks', 'can', 'leap', 'between', 'the', 'digital', 'and', 'physical', 'worlds', 'to', 'prompt', 'armed', 'conflict', '--', '以及', '我们', '如何', '才能', '防止', '这一', '全球性', '的', '安全隐患', '。']","['chi', 'chi', 'chi', 'chi', 'chi', 'chi', 'chi', 'chi', 'chi', 'chi', 'chi', 'chi', 'chi', 'chi', 'chi', 'chi', 'chi', 'chi', 'chi', 'eng', 'eng', 'eng', 'eng', 'chi', 'chi', 'chi', 'chi', 'chi', 'chi', 'chi', 'chi', 'eng', 'chi', 'eng', 'eng', 'eng', 'eng', 'eng', 'eng', 'eng', 'eng', 'eng', 'eng', 'eng', 'eng', 'eng', 'eng', 'eng', 'eng', 'eng', 'eng', 'chi', 'chi', 'chi', 'chi', 'chi', 'chi', 'chi', 'chi', 'chi', 'chi']"
52,25.0,0.6,0.14,0.86,0.8,0.85,3,3,3,"""为什么？因为 they were old and infirm。所以我们需要过去看看他们是不是需要任何东西。""",[],[],为什么？因为他们年迈体弱。 所以我们需要过去看看他们是不是需要任何东西。,"Why? Because they were old and infirm, and we needed to go by to see if they needed anything.","['""', '为什么', '？', '因为', 'they', 'were', 'old', 'and', 'infirm', '。', '所以', '我们', '需要', '过去', '看看', '他们', '是不是', '需要', '任何', '东西', '。', '""']","['other', 'chi', 'chi', 'chi', 'eng', 'eng', 'eng', 'eng', 'eng', 'chi', 'chi', 'chi', 'chi', 'chi', 'chi', 'chi', 'chi', 'chi', 'chi', 'chi', 'chi', 'other']"
53,18.83,0.44,0.12,0.94,0.88,0.86,3,2,2,"""这两种利益的冲突在今天的美国同样非常acute。特别是考虑到如今美国的decision makers通常可以insulate themselves from consequences。不管外面世界因为他们制定的政策发生了什么，他们都能安稳生活在gated compounds里，喝着bottled water，悠哉游哉，高枕无忧。在最近的couple of years里，很明显的事实是：那些商业世界的elite们，察觉到了他们可以通过一些事情来advance their short-term interest，尽管这些事情虽然可以给他们带来利益，但终将给整个社会带来灾难。比如draining a few billion dollars out of Enron和other businesses。这样的事情，倒是的确对他们的短期利益很有帮助，然而长远点看，这在未来将危害到整个社会。""",[],[],这两种利益的冲突在今天的美国 同样非常剧烈。特别是考虑到 如今美国的政策制定者们通常 可以置身事外。不管外面世界因为他们制定的政策发生了什么， 他们都能安稳生活在有栅栏的院子里，喝着纯净水， 悠哉游哉，高枕无忧。在最近的10多年里， 很明显的事实是：那些商业世界的精英们， 察觉到了他们可以通过一些事情来短期获利， 尽管这些事情虽然可以给他们带来利益， 但终将给整个社会带来灾难。 比如在伊朗问题上砸下数十亿美元， 或者类似的决策。这样的事情， 倒是的确对他们的短期利益很有帮助， 然而长远点看，这在未来将危害到整个社会。,"Those same issues of conflicts of interest are acute in the United States today. Especially because the decision makers in the United States are frequently able to insulate themselves from consequences by living in gated compounds, by drinking bottled water and so on. And within the last couple of years, it's been obvious that the elite in the business world correctly perceive that they can advance their short-term interest by doing things that are good for them but bad for society as a whole, such as draining a few billion dollars out of Enron and other businesses. They are quite correct that these things are good for them in the short term, although bad for society in the long term.","['""', '这', '两种', '利益', '的', '冲突', '在', '今天', '的', '美国', '同样', '非常', 'acute', '。', '特别', '是', '考虑', '到', '如今', '美国', '的', 'decision', 'makers', '通常', '可以', 'insulate', 'themselves', 'from', 'consequences', '。', '不管', '外面', '世界', '因为', '他们', '制定', '的', '政策', '发生', '了', '什么', '，', '他们', '都', '能', '安稳', '生活', '在', 'gated', 'compounds', '里', '，', '喝', '着', 'bottled', 'water', '，', '悠哉游哉', '，', '高枕无忧', '。', '在', '最近', '的', 'couple', 'of', 'years', '里', '，', '很', '明显', '的', '事实', '是', '：', '那些', '商业', '世界', '的', 'elite', '们', '，', '察觉到', '了', '他们', '可以', '通过', '一些', '事情', '来', 'advance', 'their', 'short-term', 'interest', '，', '尽管', '这些', '事情', '虽然', '可以', '给', '他们', '带来', '利益', '，', '但', '终将', '给', '整个', '社会', '带来', '灾难', '。', '比如', 'draining', 'a', 'few', 'billion', 'dollars', 'out', 'of', 'Enron', '和', 'other', 'businesses', '。', '这样', '的', '事情', '，', '倒', '是', '的确', '对', '他们', '的', '短期', '利益', '很', '有', '帮助', '，', '然而', '长远', '点', '看', '，', '这', '在', '未来', '将', '危害', '到', '整个', '社会', '。', '""']","['other', 'chi', 'chi', 'chi', 'chi', 'chi', 'chi', 'chi', 'chi', 'chi', 'chi', 'chi', 'eng', 'chi', 'chi', 'chi', 'chi', 'chi', 'chi', 'chi', 'chi', 'eng', 'eng', 'chi', 'chi', 'eng', 'eng', 'eng', 'eng', 'chi', 'chi', 'chi', 'chi', 'chi', 'chi', 'chi', 'chi', 'chi', 'chi', 'chi', 'chi', 'chi', 'chi', 'chi', 'chi', 'chi', 'chi', 'chi', 'eng', 'eng', 'chi', 'chi', 'chi', 'chi', 'eng', 'eng', 'chi', 'chi', 'chi', 'chi', 'chi', 'chi', 'chi', 'chi', 'eng', 'eng', 'eng', 'chi', 'chi', 'chi', 'chi', 'chi', 'chi', 'chi', 'chi', 'chi', 'chi', 'chi', 'chi', 'eng', 'chi', 'chi', 'chi', 'chi', 'chi', 'chi', 'chi', 'chi', 'chi', 'chi', 'eng', 'eng', 'eng', 'eng', 'chi', 'chi', 'chi', 'chi', 'chi', 'chi', 'chi', 'chi', 'chi', 'chi', 'chi', 'chi', 'chi', 'chi', 'chi', 'chi', 'chi', 'chi', 'chi', 'chi', 'eng', 'eng', 'eng', 'eng', 'eng', 'eng', 'eng', 'eng', 'other', 'eng', 'eng', 'chi', 'chi', 'chi', 'chi', 'chi', 'chi', 'chi', 'chi', 'chi', 'chi', 'chi', 'chi', 'chi', 'chi', 'chi', 'chi', 'chi', 'chi', 'chi', 'chi', 'chi', 'chi', 'chi', 'chi', 'chi', 'chi', 'chi', 'chi', 'chi', 'chi', 'chi', 'other']"
54,23.81,0.57,0.2,0.98,0.9,0.9,3,3,2,我真地想要 come up with 孩童媒体的新方向 that foster 创造力，学习能力，和创新能力。,[],[],我真地想要找到孩童媒体的新方向 能培养创造力，学习能力，和创新能力。,I really want to come up with new ways of children's media that foster creativity and learning and innovation.,"['我', '真地', '想要', 'come', 'up', 'with', '孩童', '媒体', '的', '新', '方向', 'that', 'foster', '创造力', '，', '学习', '能力', '，', '和', '创新能力', '。']","['chi', 'chi', 'chi', 'eng', 'eng', 'eng', 'chi', 'chi', 'chi', 'chi', 'chi', 'eng', 'eng', 'chi', 'chi', 'chi', 'chi', 'chi', 'chi', 'chi', 'chi']"
55,24.32,0.58,0.17,0.92,0.98,0.88,3,3,3,"So Wikipedia由维基媒体基金会拥有，which I founded, a nonprofit organization. And our goal, the core aim of the Wikimedia Foundation, is to get a free encyclopedia to every single person on the planet.",[],[],Wikipedia由维基媒体基金会拥有，这个基金会是我创立的， 一个非盈利性质的组织。我们的目标，维基媒体基金会的核心目标， 是为地球上的每个人提供一个自由免费的百科全书。,"So Wikipedia's owned by the Wikimedia Foundation, which I founded, a nonprofit organization. And our goal, the core aim of the Wikimedia Foundation, is to get a free encyclopedia to every single person on the planet.","['So', 'Wikipedia', '由', '维基', '媒体', '基金会', '拥有', '，', 'which', 'I', 'founded,', 'a', 'nonprofit', 'organization.', 'And', 'our', 'goal,', 'the', 'core', 'aim', 'of', 'the', 'Wikimedia', 'Foundation,', 'is', 'to', 'get', 'a', 'free', 'encyclopedia', 'to', 'every', 'single', 'person', 'on', 'the', 'planet.']","['eng', 'chi', 'chi', 'chi', 'chi', 'chi', 'chi', 'chi', 'eng', 'eng', 'eng', 'chi', 'eng', 'eng', 'eng', 'eng', 'eng', 'eng', 'eng', 'eng', 'eng', 'eng', 'eng', 'eng', 'eng', 'eng', 'eng', 'chi', 'eng', 'eng', 'eng', 'eng', 'eng', 'eng', 'eng', 'eng', 'eng']"
56,40.0,0.92,0.29,0.9,0.89,0.82,2,2,2,我有 so much to say。我不得不 think what 我将要说。,[],[],我有很多要说的。我不得不想清楚我将要说的话。,I have so much to say. I have to think what I am going to say.,"['我', '有', 'so', 'much', 'to', 'say', '。', '我', '不得不', 'think', 'what', '我', '将', '要说', '。']","['chi', 'chi', 'eng', 'eng', 'eng', 'eng', 'chi', 'chi', 'chi', 'eng', 'eng', 'chi', 'chi', 'chi', 'chi']"
57,45.0,0.98,0.15,0.92,0.91,0.85,2,2,2,这不仅仅是你创造了 corruption and waste；你本质上取代了 the priorities of the Afghan government，当选的阿富汗政府 with the micromanaging tendencies of foreigners on short tours 以及他们的优先权。,[],[],这不仅仅是你创造了 腐败与浪费； 你本质上取代了阿富汗政府的优先权， 当选的阿富汗政府 以及外国短途旅行团的 微观管理倾向 以及他们的优先权。,"It's not simply corruption and waste that you create; you essentially replace the priorities of the Afghan government, the elected Afghan government, with the micromanaging tendencies of foreigners on short tours with their own priorities.","['这', '不仅仅', '是', '你', '创造', '了', 'corruption', 'and', 'waste', '；', '你', '本质', '上', '取代', '了', 'the', 'priorities', 'of', 'the', 'Afghan', 'government', '，', '当选', '的', '阿富汗', '政府', 'with', 'the', 'micromanaging', 'tendencies', 'of', 'foreigners', 'on', 'short', 'tours', '以及', '他们', '的', '优先权', '。']","['chi', 'chi', 'chi', 'chi', 'chi', 'chi', 'eng', 'eng', 'eng', 'chi', 'chi', 'chi', 'chi', 'chi', 'chi', 'eng', 'eng', 'eng', 'eng', 'eng', 'eng', 'chi', 'chi', 'chi', 'chi', 'chi', 'eng', 'eng', 'eng', 'eng', 'eng', 'eng', 'eng', 'eng', 'eng', 'chi', 'chi', 'chi', 'chi', 'chi']"
58,34.48,0.82,0.14,0.94,0.89,0.89,3,3,3,"无论你是否喜欢， you're starting to show up online, 当你不在那里的时候， people are interacting with 你网上的第二自我。",[],[],无论你是否喜欢， 你开始在网上出现， 当你不在那里的时候， 人们跟你网上的 第二自我交流。,"Whether you like it or not, you're starting to show up online, and people are interacting with your second self when you're not there.","['无论', '你', '是否', '喜欢', '，', ""you're"", 'starting', 'to', 'show', 'up', 'online,', '当', '你', '不', '在', '那里', '的', '时候', '，', 'people', 'are', 'interacting', 'with', '你', '网上', '的', '第二', '自我', '。']","['chi', 'chi', 'chi', 'chi', 'chi', 'eng', 'eng', 'eng', 'eng', 'eng', 'eng', 'chi', 'chi', 'chi', 'chi', 'chi', 'chi', 'chi', 'chi', 'eng', 'eng', 'eng', 'eng', 'chi', 'chi', 'chi', 'chi', 'chi', 'chi']"
59,28.0,0.68,0.19,0.91,0.87,0.9,3,3,3,"""新闻业当然是一门生意，为了生存 它必须 be a successful business, 不过必须权衡好 between marketing considerations 和新闻责任。""",[],[],新闻业当然是一门生意，为了生存 它必须取得商业上的成功， 不过必须权衡好 市场营销和新闻责任。,"The press is certainly a business, and in order to survive it must be a successful business, but the right balance must be found between marketing considerations and journalistic responsibility.","['""', '新闻业', '当然', '是', '一门', '生意', '，', '为了', '生存', '它', '必须', 'be', 'a', 'successful', 'business,', '不过', '必须', '权衡', '好', 'between', 'marketing', 'considerations', '和', '新闻', '责任', '。', '""']","['other', 'chi', 'chi', 'chi', 'chi', 'chi', 'chi', 'chi', 'chi', 'chi', 'chi', 'eng', 'eng', 'eng', 'eng', 'chi', 'chi', 'chi', 'chi', 'eng', 'eng', 'eng', 'chi', 'chi', 'chi', 'chi', 'other']"
60,28.99,0.7,0.19,0.94,0.92,0.86,2,2,2,"现在， 如果你用相同的system, and you're putting 它竖着放, you're bending, 如果你让它往这个方向移动, your instinct 将会告诉你它将往这个方向运动, 但如果它移动的足够快, you might create what we call 侧面上升, 所以我们就能走的更远或者更接近风.",[],[],现在， 如果你用相同的系统 如果你把它竖着放，它就会变弯 如果你让它往这个方向移动 你的直觉将会告诉你它将往这个方向运动 但如果它移动的足够快 你将会造成我们所谓的侧面上升 所以我们就能走的更远或者更接近风,"Now, if you're taking the same system, and you're putting vertical, you're bending, and if you're moving this way forward, your instinct will tell you that you might go this way, but if you're moving fast enough, you might create what we call lateral lift, so we could get further or closer to the wind.","['现在', '，', '如果', '你', '用', '相同', '的', 'system,', 'and', ""you're"", 'putting', '它', '竖', '着', '放', ',', ""you're"", 'bending,', '如果', '你', '让', '它', '往', '这个', '方向', '移动', ',', 'your', 'instinct', '将会', '告诉', '你', '它', '将', '往', '这个', '方向', '运动', ',', '但', '如果', '它', '移动', '的', '足够', '快', ',', 'you', 'might', 'create', 'what', 'we', 'call', '侧面', '上升', ',', '所以', '我们', '就', '能', '走', '的', '更', '远', '或者', '更', '接近', '风', '.']","['chi', 'chi', 'chi', 'chi', 'chi', 'chi', 'chi', 'eng', 'eng', 'eng', 'eng', 'chi', 'chi', 'chi', 'chi', 'eng', 'eng', 'eng', 'chi', 'chi', 'chi', 'chi', 'chi', 'chi', 'chi', 'chi', 'eng', 'eng', 'eng', 'chi', 'chi', 'chi', 'chi', 'chi', 'chi', 'chi', 'chi', 'chi', 'eng', 'chi', 'chi', 'chi', 'chi', 'chi', 'chi', 'chi', 'eng', 'eng', 'eng', 'eng', 'eng', 'eng', 'eng', 'chi', 'chi', 'eng', 'chi', 'chi', 'chi', 'chi', 'chi', 'chi', 'chi', 'chi', 'chi', 'chi', 'chi', 'chi', 'eng']"
61,31.82,0.77,0.17,0.95,0.9,0.89,2,2,2,"六个星期后 they'll hatch out. By that time 季节性雨已经向前移动了。It's not there, 是在这下面。",[],[],六个星期后它们就会飞出来。那时候 季节性雨已经向前移动了。不在那里，是在这下面。,"They'll hatch out in six weeks. By that time the seasonal rains have moved on. It's not there, it's down here.","['六个', '星期', '后', ""they'll"", 'hatch', 'out.', 'By', 'that', 'time', '季节性', '雨', '已经', '向前', '移动', '了', '。', ""It's"", 'not', 'there,', '是', '在', '这', '下面', '。']","['chi', 'chi', 'chi', 'other', 'eng', 'other', 'eng', 'eng', 'eng', 'chi', 'chi', 'chi', 'chi', 'chi', 'chi', 'chi', 'eng', 'eng', 'eng', 'chi', 'chi', 'chi', 'chi', 'chi']"
62,50.0,1.0,0.17,0.92,0.91,0.85,2,2,2,"这个夏天我们要开始 the construction documents of the two first mountains, 在这个即将成为 the first carbon-neutral island 在中亚。",[],[],这个夏天我们要开始 头两座山的施工文档， 在这个即将成为碳中和的岛上， 在中亚。,"And this summer we are starting the construction documents of the two first mountains, in what's going to be the first carbon-neutral island in Central Asia.","['这个', '夏天', '我们', '要', '开始', 'the', 'construction', 'documents', 'of', 'the', 'two', 'first', 'mountains,', '在', '这个', '即将', '成为', 'the', 'first', 'carbon-neutral', 'island', '在', '中亚', '。']","['chi', 'chi', 'chi', 'chi', 'chi', 'eng', 'eng', 'eng', 'eng', 'eng', 'eng', 'eng', 'eng', 'chi', 'chi', 'chi', 'chi', 'eng', 'eng', 'eng', 'eng', 'chi', 'chi', 'chi']"
63,46.67,0.99,0.28,0.86,0.86,0.8,3,3,3,"""So, 这是3磅C4炸药; that's about 10 times what 那家伙装在鞋里的.""",[],[],这是3磅C4炸药。 装药量是那家伙装在鞋里的10倍。（可能指 旅游鞋炸弹）,"So, these are three-pound charges of C4; that's about 10 times what the guy had in his shoes.","['""', 'So,', '这是', '3', '磅', 'C4', '炸药', ';', ""that's"", 'about', '10', 'times', 'what', '那家伙', '装在', '鞋里', '的', '.', '""']","['other', 'eng', 'chi', 'chi', 'chi', 'other', 'chi', 'eng', 'eng', 'eng', 'other', 'eng', 'eng', 'chi', 'chi', 'chi', 'chi', 'eng', 'other']"
64,44.83,0.98,0.11,0.94,0.89,0.85,2,2,2,"我当时一个很迷人的惯例 就是等到 late in the evening when my parents were decompressing from a hard day's work, 在做填字游戏、watching television.",[],[],我当时一个很迷人的惯例 就是等到夜深人静时， 当我父母在熬完了一天的辛苦工作之后 在做填字游戏、看电视的时候。,"I had a very charming routine at the time, which was to wait until late in the evening when my parents were decompressing from a hard day's work, doing their crossword puzzles, watching television.","['我', '当时', '一个', '很', '迷人', '的', '惯例', '就是', '等到', 'late', 'in', 'the', 'evening', 'when', 'my', 'parents', 'were', 'decompressing', 'from', 'a', 'hard', ""day's"", 'work,', '在', '做', '填字游戏', '、', 'watching', 'television.']","['chi', 'chi', 'chi', 'chi', 'chi', 'chi', 'chi', 'chi', 'chi', 'eng', 'eng', 'eng', 'eng', 'eng', 'eng', 'eng', 'eng', 'eng', 'eng', 'eng', 'eng', 'eng', 'eng', 'chi', 'chi', 'chi', 'chi', 'eng', 'eng']"
65,16.67,0.38,0.13,0.99,0.84,0.84,3,3,3,"今天早上我还在思考美好的生活, 在我向你陈述我的演讲前, I'm going to violate TED rules here, 我将快速为你读一段我书中的精华.",[],[],"今天早上我还在思考美好的生活, 在我向你陈述我的演讲前, 我将违反TED的规则, 我将快速为你读一段我书中的精华.","And I was thinking this morning of the good life, and before I show you the rest of my presentation, I'm going to violate TED rules here, and I'm going to read you something from my book as quickly as I can.","['今天', '早上', '我', '还', '在', '思考', '美好', '的', '生活', ',', '在', '我', '向', '你', '陈述', '我', '的', '演讲', '前', ',', ""I'm"", 'going', 'to', 'violate', 'TED', 'rules', 'here,', '我', '将', '快速', '为', '你', '读', '一段', '我书', '中', '的', '精华', '.']","['chi', 'chi', 'chi', 'chi', 'chi', 'chi', 'chi', 'chi', 'chi', 'other', 'chi', 'chi', 'chi', 'chi', 'chi', 'chi', 'chi', 'chi', 'chi', 'other', 'eng', 'eng', 'eng', 'eng', 'chi', 'eng', 'eng', 'chi', 'chi', 'chi', 'chi', 'chi', 'chi', 'chi', 'chi', 'chi', 'chi', 'chi', 'other']"
66,41.94,0.95,0.1,0.91,0.86,0.84,2,2,2,"""我的希望是这类的工具能给任何有帮助别人想法人们 a path to go do what they want to do in the world and to gather the people around them that they already have, 这些最了解的他们人 爱他们的以及想帮助他们的人, 大家一起将梦想变成现实.""",[],[],我的希望是这类的工具能给任何有帮助别人想法人们 一条途径去做他们想做的 凝聚他们周围的人 这些最了解的他们人 爱他们的以及想帮助他们的人 大家一起将梦想变成现实,"It's my hope that this kind of tool can show anybody who has an idea a path to go do what they want to do in the world and to gather the people around them that they already have, the people that know them best and that love them and want to support them, to gather them to make this happen.","['""', '我', '的', '希望', '是', '这类', '的', '工具', '能', '给', '任何', '有', '帮助', '别人', '想法', '人们', 'a', 'path', 'to', 'go', 'do', 'what', 'they', 'want', 'to', 'do', 'in', 'the', 'world', 'and', 'to', 'gather', 'the', 'people', 'around', 'them', 'that', 'they', 'already', 'have,', '这些', '最', '了解', '的', '他们', '人', '爱', '他们', '的', '以及', '想', '帮助', '他们', '的', '人', ',', '大家', '一起', '将', '梦想', '变成', '现实', '.', '""']","['other', 'chi', 'chi', 'chi', 'chi', 'chi', 'chi', 'chi', 'chi', 'chi', 'chi', 'chi', 'chi', 'chi', 'chi', 'chi', 'eng', 'eng', 'eng', 'eng', 'eng', 'eng', 'eng', 'eng', 'eng', 'eng', 'eng', 'eng', 'eng', 'eng', 'eng', 'eng', 'eng', 'eng', 'eng', 'eng', 'eng', 'eng', 'eng', 'eng', 'chi', 'chi', 'chi', 'chi', 'chi', 'chi', 'chi', 'chi', 'chi', 'chi', 'chi', 'chi', 'chi', 'chi', 'chi', 'eng', 'chi', 'chi', 'chi', 'chi', 'chi', 'chi', 'eng', 'other']"
67,48.39,1.0,0.1,0.9,0.92,0.89,2,2,2,"然后——晚餐和死亡之间微妙的舞蹈—— the mycelium is consumed by the ants, 变成木乃伊，and, boing, a mushroom pops out of their head.",[],[],然后——晚餐和死亡之间微妙的舞蹈—— 菌丝被蚂蚁消耗， 变成木乃伊，发出声响，蘑菇从它们的头部突然冒出。,"And then -- a delicate dance between dinner and death -- the mycelium is consumed by the ants, they become mummified, and, boing, a mushroom pops out of their head.","['然后', '—', '—', '晚餐', '和', '死亡', '之间', '微妙', '的', '舞蹈', '—', '—', 'the', 'mycelium', 'is', 'consumed', 'by', 'the', 'ants,', '变成', '木乃伊', '，', 'and,', 'boing,', 'a', 'mushroom', 'pops', 'out', 'of', 'their', 'head.']","['chi', 'chi', 'chi', 'chi', 'chi', 'chi', 'chi', 'chi', 'chi', 'chi', 'chi', 'chi', 'eng', 'eng', 'eng', 'eng', 'eng', 'eng', 'eng', 'chi', 'chi', 'chi', 'eng', 'eng', 'eng', 'eng', 'eng', 'eng', 'eng', 'eng', 'eng']"
68,37.5,0.88,0.2,0.93,0.89,0.83,2,2,2,当你 look at 一棵树时，你需要一副放大镜来 see a giant tree.,[],[],当你“看”一棵树时，你需要一副放大镜来真正“看到”一棵巨型树。,"As you look at a tree, it takes a magnifying glass to see a giant tree.","['当', '你', 'look', 'at', '一棵树', '时', '，', '你', '需要', '一副', '放大镜', '来', 'see', 'a', 'giant', 'tree.']","['chi', 'chi', 'eng', 'eng', 'chi', 'chi', 'chi', 'chi', 'chi', 'chi', 'chi', 'chi', 'eng', 'eng', 'eng', 'eng']"
69,32.0,0.77,0.24,0.96,0.92,0.88,3,2,2,但是转到80年代，当personal computers确实到来的时候，then there was room for这种在个人电脑上的system。,[],[],但是转到80年代， 当个人电脑确实到来的时候， 这种在个人电脑上的系统就有了空间。,"But spin on to the 80s when personal computers did arrive, then there was room for this kind of system on personal computers.","['但是', '转', '到', '80', '年代', '，', '当', 'personal', 'computers', '确实', '到来', '的', '时候', '，', 'then', 'there', 'was', 'room', 'for', '这种', '在', '个人电脑', '上', '的', 'system', '。']","['chi', 'chi', 'chi', 'other', 'chi', 'chi', 'chi', 'eng', 'eng', 'chi', 'chi', 'chi', 'chi', 'chi', 'eng', 'eng', 'eng', 'eng', 'eng', 'chi', 'chi', 'chi', 'chi', 'chi', 'eng', 'chi']"
70,48.28,1.0,0.12,0.89,0.9,0.85,3,3,2,"他就这样坐下来 -- and I imagine 他除了一张纸 还有一支笔 -- 什么都没有吧 -- and he tried to write down, 并成功的写下 他能想到的最简单的函数 which had the boundary conditions that the wave function vanish when things touch and is smooth in between.",[],[],他就这样坐下来 我想他除了一张纸 还有一支笔 什么都没有吧 他试着 并成功的写下 他能想到的最简单的函数 也就是有着 相碰就会归零 和除边界之外 其余完全平滑 这两条边界条件的波函数,"So he sat down -- and I imagine he had nothing more than a simple piece of paper and a pencil -- and he tried to write down, and did write down, the simplest function that he could think of which had the boundary conditions that the wave function vanish when things touch and is smooth in between.","['他', '就', '这样', '坐下', '来', '--', 'and', 'I', 'imagine', '他', '除了', '一张', '纸', '还有', '一支', '笔', '--', '什么', '都', '没有', '吧', '--', 'and', 'he', 'tried', 'to', 'write', 'down,', '并', '成功', '的', '写下', '他', '能', '想到', '的', '最', '简单', '的', '函数', 'which', 'had', 'the', 'boundary', 'conditions', 'that', 'the', 'wave', 'function', 'vanish', 'when', 'things', 'touch', 'and', 'is', 'smooth', 'in', 'between.']","['chi', 'chi', 'chi', 'chi', 'chi', 'eng', 'eng', 'eng', 'eng', 'chi', 'chi', 'chi', 'chi', 'chi', 'chi', 'chi', 'eng', 'chi', 'chi', 'chi', 'chi', 'eng', 'eng', 'eng', 'eng', 'eng', 'eng', 'eng', 'chi', 'chi', 'chi', 'chi', 'chi', 'chi', 'chi', 'chi', 'chi', 'chi', 'chi', 'chi', 'eng', 'eng', 'eng', 'eng', 'eng', 'eng', 'eng', 'eng', 'eng', 'eng', 'eng', 'eng', 'eng', 'eng', 'eng', 'eng', 'eng', 'eng']"
71,29.63,0.72,0.21,0.92,0.93,0.87,3,2,2,"在1960年，Frank Drake进行了第一次SETI observation looking at 两颗恒星, Tau Ceti 和 Epsilon Eridani, 这场观测大约进行了150小时。",[],[],在1960年，SETI的Frank Drake进行了第一次对两颗恒星的观测 对象是鲸鱼座T星和波江座天苑四星， 这场观测大约进行了150小时。,"And in 1960, Frank Drake conducted the first SETI observation looking at two stars, Tau Ceti and Epsilon Eridani, for about 150 hours.","['在', '1960', '年', '，', 'Frank', 'Drake', '进行', '了', '第一次', 'SETI', 'observation', 'looking', 'at', '两颗', '恒星', ',', 'Tau', 'Ceti', '和', 'Epsilon', 'Eridani,', '这场', '观测', '大约', '进行', '了', '150', '小时', '。']","['chi', 'other', 'chi', 'chi', 'chi', 'chi', 'chi', 'chi', 'chi', 'chi', 'eng', 'eng', 'eng', 'chi', 'chi', 'eng', 'eng', 'eng', 'chi', 'eng', 'eng', 'chi', 'chi', 'chi', 'chi', 'chi', 'other', 'chi', 'chi']"
72,48.39,1.0,0.17,0.91,0.91,0.88,2,2,2,"爱因斯坦：[Squawks] 怀特：好了，Well, Einstein was pretty embarrassed to admit this earlier, 但还是在后台告诉我说，she had a problem.",[],[],爱因斯坦： 斯蒂芬尼.怀特：好了，爱因斯坦之前很不好意思承认， 但还是在后台告诉我说，她有一点小麻烦。,"E: [Squawks] SW: All right. Well, Einstein was pretty embarrassed to admit this earlier, but she was telling me backstage that she had a problem.","['爱因斯坦', '：', '[', 'Squawks', ']', '怀特', '：', '好', '了', '，', 'Well,', 'Einstein', 'was', 'pretty', 'embarrassed', 'to', 'admit', 'this', 'earlier,', '但', '还是', '在', '后台', '告诉', '我', '说', '，', 'she', 'had', 'a', 'problem.']","['chi', 'chi', 'eng', 'eng', 'eng', 'chi', 'chi', 'chi', 'chi', 'chi', 'eng', 'eng', 'eng', 'eng', 'eng', 'eng', 'eng', 'eng', 'eng', 'chi', 'chi', 'chi', 'chi', 'chi', 'chi', 'chi', 'chi', 'eng', 'eng', 'eng', 'eng']"
73,40.91,0.94,0.29,0.89,0.92,0.82,3,3,3,所以为了达到这样目的，我们不得不 把 smart vaccine design 与 smart production methods 以及 smart delivery methods 相结合。,[],[],所以为了达到这样目的，我们不得不 把巧妙的疫苗设计与精细生产方法以及 聪明的销售方式相结合。,"So to do that, we have to combine smart vaccine design with smart production methods and, of course, smart delivery methods.","['所以', '为了', '达到', '这样', '目的', '，', '我们', '不得不', '把', 'smart', 'vaccine', 'design', '与', 'smart', 'production', 'methods', '以及', 'smart', 'delivery', 'methods', '相结合', '。']","['chi', 'chi', 'chi', 'chi', 'chi', 'chi', 'chi', 'chi', 'chi', 'eng', 'eng', 'eng', 'chi', 'eng', 'eng', 'eng', 'chi', 'eng', 'eng', 'eng', 'chi', 'chi']"
74,13.89,0.31,0.17,0.96,0.89,0.86,3,3,3,你也曾经第一次经过敞开门的bakery， 闻到里面飘出来的香味儿， 你也曾经从旧外套口袋里掏出一张20-dollar bill， 说：“Found money。”,[],[],你也曾经第一次经过敞开门的面包店， 闻到里面飘出来的香味儿， 你也曾经从旧外套口袋里掏出一张20元纸币， 说：“有钱啦。”,"There was the first time you walked by the open door of a bakery and smelt the bakery air, or the first time you pulled a 20-dollar bill out of your old jacket pocket and said, ""Found money.""","['你', '也', '曾经', '第一次', '经过', '敞开', '门', '的', 'bakery', '，', '闻到', '里面', '飘', '出来', '的', '香味儿', '，', '你', '也', '曾经', '从', '旧', '外套', '口袋', '里', '掏出', '一张', '20-dollar', 'bill', '，', '说', '：', '“', 'Found', 'money', '。”']","['chi', 'chi', 'chi', 'chi', 'chi', 'chi', 'chi', 'chi', 'eng', 'chi', 'chi', 'chi', 'chi', 'chi', 'chi', 'chi', 'chi', 'chi', 'chi', 'chi', 'chi', 'chi', 'chi', 'chi', 'chi', 'chi', 'chi', 'eng', 'eng', 'chi', 'chi', 'chi', 'chi', 'eng', 'eng', 'chi']"
75,47.37,0.99,0.11,0.93,0.89,0.87,3,3,2,破坏这个系统或是crash the planet -- it's a tough choice; 这算不上是一个选择。,[],[],破坏这个系统或是破坏这个星球。 这是个困难的选择。这算不上是一个选择。,Trash the system or crash the planet -- it's a tough choice; it isn't much of a choice.,"['破坏', '这个', '系统', '或是', 'crash', 'the', 'planet', '--', ""it's"", 'a', 'tough', 'choice', ';', '这', '算不上', '是', '一个', '选择', '。']","['chi', 'chi', 'chi', 'chi', 'eng', 'eng', 'eng', 'eng', 'eng', 'eng', 'eng', 'eng', 'eng', 'chi', 'chi', 'chi', 'chi', 'chi', 'chi']"
76,38.89,0.91,0.12,0.93,0.9,0.86,3,3,3,而目前中国政府 — I work with the Chinese government now — 已采取了这个方式。,[],[],而目前中国政府 — 我替中国政府工作 — 已采取了这个方式。,And the Chinese government has now -- I work with the Chinese government now -- has taken this up.,"['而', '目前', '中国政府', '—', 'I', 'work', 'with', 'the', 'Chinese', 'government', 'now', '—', '已', '采取', '了', '这个', '方式', '。']","['chi', 'chi', 'chi', 'chi', 'eng', 'eng', 'eng', 'eng', 'eng', 'eng', 'eng', 'chi', 'chi', 'chi', 'chi', 'chi', 'chi', 'chi']"
77,48.15,1.0,0.12,0.85,0.94,0.85,3,3,2,"他在用拳打我们的controls guy。 在他后面的是我们的engineer/surgeon, which is a convenient guy to have around.",[],[],他在用拳打我们的控制人员。 在他后面的是我们的工程师兼外科医生， 有他在总是很方便。,"He's punching our controls guy. The guy behind him is our engineer/surgeon, which is a convenient guy to have around.","['他', '在', '用', '拳打', '我们', '的', 'controls', 'guy', '。', '在', '他', '后面', '的', '是', '我们', '的', 'engineer', '/', 'surgeon,', 'which', 'is', 'a', 'convenient', 'guy', 'to', 'have', 'around.']","['chi', 'chi', 'chi', 'chi', 'chi', 'chi', 'eng', 'eng', 'chi', 'chi', 'chi', 'chi', 'chi', 'chi', 'chi', 'chi', 'eng', 'eng', 'eng', 'eng', 'eng', 'eng', 'eng', 'eng', 'eng', 'eng', 'eng']"
78,12.5,0.28,0.19,0.95,0.87,0.84,2,2,2,"他们为了自己的rights奋斗了两个多世纪，而且也许是因为sacrifice了少数，Hispanic, Asian，在主流社会中我们承受了更多痛苦。",[],[],他们为了自己的权利奋斗了两个多世纪， 而且也许是因为牺牲了少数， 西班牙人，亚洲人，在主流社会中我们承受了更多痛苦。,"They fought for their rights for over two centuries, and maybe because they sacrifice other minorities, Hispanic, Asian, we would suffer more in the mainstream.","['他们', '为了', '自己', '的', 'rights', '奋斗', '了', '两个', '多', '世纪', '，', '而且', '也许', '是因为', 'sacrifice', '了', '少数', '，', 'Hispanic,', 'Asian', '，', '在', '主流', '社会', '中', '我们', '承受', '了', '更', '多', '痛苦', '。']","['chi', 'chi', 'chi', 'chi', 'eng', 'chi', 'chi', 'chi', 'chi', 'chi', 'chi', 'chi', 'chi', 'chi', 'eng', 'chi', 'chi', 'chi', 'eng', 'eng', 'chi', 'chi', 'chi', 'chi', 'chi', 'chi', 'chi', 'chi', 'chi', 'chi', 'chi', 'chi']"
79,46.15,0.99,0.12,0.91,0.88,0.86,2,2,2,"当今我们发展了可再生能源， 在未来 with the renewables that we're developing today, 可能占到30 percent of primary energy by mid century.",[],[],当今我们发展了可再生能源， 在未来随着它继续发展， 在本世纪中叶可能占到30%的能源供应 。,"And that continues into the future with the renewables that we're developing today, reaching maybe 30 percent of primary energy by mid century.","['当今', '我们', '发展', '了', '可', '再生能源', '，', '在', '未来', 'with', 'the', 'renewables', 'that', ""we're"", 'developing', 'today,', '可能', '占', '到', '30', 'percent', 'of', 'primary', 'energy', 'by', 'mid', 'century.']","['chi', 'chi', 'chi', 'chi', 'chi', 'chi', 'chi', 'chi', 'chi', 'eng', 'eng', 'eng', 'eng', 'eng', 'eng', 'eng', 'chi', 'chi', 'chi', 'other', 'eng', 'eng', 'eng', 'eng', 'eng', 'eng', 'eng']"
80,5.0,0.1,0.1,0.99,0.91,0.91,3,3,3,他们说 -- 这是我的一个朋友说的， “我有一个词给你：plastic。”,[],[],他们说 -- 这是我的一个朋友说的， “我有一个词给你：塑料。”,"And they said -- this one friend of mine said, ""I've got one word for you: plastic.""","['他们', '说', '--', '这', '是', '我', '的', '一个', '朋友', '说', '的', '，', '“', '我', '有', '一个', '词给', '你', '：', 'plastic', '。”']","['chi', 'chi', 'other', 'chi', 'chi', 'chi', 'chi', 'chi', 'chi', 'chi', 'chi', 'chi', 'chi', 'chi', 'chi', 'chi', 'chi', 'chi', 'chi', 'eng', 'chi']"
81,38.89,0.91,0.12,0.94,0.87,0.82,3,2,2,"每过去一年, I realize how much more powerful 计算的想法是多么的强大。",[],[],每过去一年 我都意识到 计算的想法是多么的强大。,"With every passing year, I realize how much more powerful the idea of computation really is.","['每', '过去', '一年', ',', 'I', 'realize', 'how', 'much', 'more', 'powerful', '计算', '的', '想法', '是', '多么', '的', '强大', '。']","['chi', 'chi', 'chi', 'eng', 'eng', 'eng', 'eng', 'eng', 'eng', 'eng', 'chi', 'chi', 'chi', 'chi', 'chi', 'chi', 'chi', 'chi']"
82,45.0,0.98,0.37,0.91,0.94,0.88,3,2,2,"我们可以 load up 所有的神经元，每个 on to its processor, 然后 fire it up, 看看 what happens.",[],[],我们可以加载所有的神经元， 每个在一个处理器上， 然后运行，看看发生了什么。,"We can load up all the neurons, each one on to its processor, and fire it up, and see what happens.","['我们', '可以', 'load', 'up', '所有', '的', '神经元', '，', '每个', 'on', 'to', 'its', 'processor,', '然后', 'fire', 'it', 'up,', '看看', 'what', 'happens.']","['chi', 'chi', 'eng', 'eng', 'chi', 'chi', 'chi', 'chi', 'chi', 'eng', 'eng', 'eng', 'eng', 'chi', 'eng', 'eng', 'eng', 'chi', 'eng', 'eng']"
83,19.44,0.46,0.17,0.91,0.92,0.86,3,3,3,"我想，这个故事也许应该从the 1960s开始说起，当我七八岁的时候，在客厅的地板上看着Jacques Cousteau documentaries, 当时还带着mask and flippers呢。",[],[],"我想，这个故事 也许应该从1960年开始说起， 当我七八岁的时候， 在客厅的地板上看着雅克·库斯托的纪录片, 当时还带着潜水面镜和脚蹼呢。","I guess the story actually has to start maybe back in the the 1960s, when I was seven or eight years old, watching Jacques Cousteau documentaries on the living room floor with my mask and flippers on.","['我', '想', '，', '这个', '故事', '也许', '应该', '从', 'the', '1960s', '开始', '说起', '，', '当', '我', '七八岁', '的', '时候', '，', '在', '客厅', '的', '地板', '上', '看着', 'Jacques', 'Cousteau', 'documentaries,', '当时', '还', '带', '着', 'mask', 'and', 'flippers', '呢', '。']","['chi', 'chi', 'chi', 'chi', 'chi', 'chi', 'chi', 'chi', 'eng', 'eng', 'chi', 'chi', 'chi', 'chi', 'chi', 'chi', 'chi', 'chi', 'chi', 'chi', 'chi', 'chi', 'chi', 'chi', 'chi', 'eng', 'eng', 'other', 'chi', 'chi', 'chi', 'chi', 'eng', 'eng', 'eng', 'chi', 'chi']"
84,44.16,0.97,0.09,0.9,0.9,0.86,3,3,2,"我今天想给你们看看 some of the evidence why I believe this to be true: 那就是对于两岁和两岁以上的孩子，there really is no real benefit -- proven benefit -- of car seats, 尽管大多数人竭尽全力 试图推广使用安全座椅的法律，making it socially unacceptable to put your children into seatbelts. 然后我会谈到为什么，what is it that makes that true?",[],[],我今天想给你们看看 一些证据来支持我认为正确的观点： 那就是对于两岁和两岁以上的孩子， 安全汽车座椅其实没有什么用，没有证据显示有用。 尽管大多数人竭尽全力 试图推广使用安全座椅的法律， 试图推广让孩子只用安全带是错的这个观点。 然后我会谈到为什么， 为什么人们死心塌地地相信这个错误观点？,"And what I'd like to talk to you about today is some of the evidence why I believe this to be true: that for children two years old and up, there really is no real benefit -- proven benefit -- of car seats, in spite of the incredible energy that has been devoted toward expanding the laws and making it socially unacceptable to put your children into seatbelts. And then talk about why -- what is it that makes that true?","['我', '今天', '想', '给', '你们', '看看', 'some', 'of', 'the', 'evidence', 'why', 'I', 'believe', 'this', 'to', 'be', 'true', ':', '那', '就是', '对于', '两岁', '和', '两岁', '以上', '的', '孩子', '，', 'there', 'really', 'is', 'no', 'real', 'benefit', '--', 'proven', 'benefit', '--', 'of', 'car', 'seats,', '尽管', '大多数', '人', '竭尽全力', '试图', '推广', '使用', '安全', '座椅', '的', '法律', '，', 'making', 'it', 'socially', 'unacceptable', 'to', 'put', 'your', 'children', 'into', 'seatbelts.', '然后', '我', '会谈', '到', '为什么', '，', 'what', 'is', 'it', 'that', 'makes', 'that', 'true', '?']","['chi', 'chi', 'chi', 'chi', 'chi', 'chi', 'eng', 'eng', 'eng', 'eng', 'eng', 'eng', 'eng', 'eng', 'eng', 'eng', 'eng', 'eng', 'chi', 'chi', 'chi', 'chi', 'chi', 'chi', 'chi', 'chi', 'chi', 'chi', 'eng', 'eng', 'eng', 'eng', 'eng', 'eng', 'eng', 'eng', 'eng', 'eng', 'eng', 'eng', 'eng', 'chi', 'chi', 'chi', 'chi', 'chi', 'chi', 'chi', 'chi', 'chi', 'chi', 'chi', 'chi', 'eng', 'eng', 'eng', 'eng', 'eng', 'eng', 'eng', 'eng', 'eng', 'eng', 'chi', 'chi', 'chi', 'chi', 'chi', 'chi', 'eng', 'eng', 'eng', 'eng', 'eng', 'eng', 'eng', 'eng']"
85,14.29,0.32,0.1,0.96,0.93,0.91,3,3,3,就像我说的，我刚回到学校，我也在考虑 majoring in urban studies 然后再去学城市规划，就是把我从 online communities 学到的东西试着把它带入实体的社区里。,[],[],就像我说的，我刚回到学校， 我也在考虑 主攻城市科学 然后再去学城市规划， 就是把我从网上学到的东西 试着把它带入 实体的社区里。,"As I said, I just went back to school, and I am considering majoring in urban studies and then going on to urban planning, kind of taking whatever I've learned from online communities and trying to adapt that to a physical community.","['就', '像', '我', '说', '的', '，', '我', '刚回到', '学校', '，', '我', '也', '在', '考虑', 'majoring', 'in', 'urban', 'studies', '然后', '再', '去', '学', '城市规划', '，', '就是', '把', '我', '从', 'online', 'communities', '学到', '的', '东西', '试着', '把', '它', '带入', '实体', '的', '社区', '里', '。']","['chi', 'chi', 'chi', 'chi', 'chi', 'chi', 'chi', 'chi', 'chi', 'chi', 'chi', 'chi', 'chi', 'chi', 'eng', 'eng', 'eng', 'eng', 'chi', 'chi', 'chi', 'chi', 'chi', 'chi', 'chi', 'chi', 'chi', 'chi', 'eng', 'eng', 'chi', 'chi', 'chi', 'chi', 'chi', 'chi', 'chi', 'chi', 'chi', 'chi', 'chi', 'chi']"
86,37.84,0.89,0.08,0.94,0.88,0.82,3,3,3,然后我先在汉堡的一个艺术瓷器作坊工作，在那里所有东西都是在 the wheel 上做的，and so I worked in a shop where there were several potters.,[],[],然后我先在汉堡的一个艺术瓷器作坊工作 在那里所有东西都是在轮子上做的， 那个作坊里有很多陶瓷工人。,"Then I first took this job in Hamburg, at an art pottery where everything was done on the wheel, and so I worked in a shop where there were several potters.","['然后', '我', '先', '在', '汉堡', '的', '一个', '艺术', '瓷器', '作坊', '工作', '，', '在', '那里', '所有', '东西', '都', '是', '在', 'the', 'wheel', '上', '做', '的', '，', 'and', 'so', 'I', 'worked', 'in', 'a', 'shop', 'where', 'there', 'were', 'several', 'potters.']","['chi', 'chi', 'chi', 'chi', 'chi', 'chi', 'chi', 'chi', 'chi', 'chi', 'chi', 'chi', 'chi', 'chi', 'chi', 'chi', 'chi', 'chi', 'chi', 'eng', 'eng', 'chi', 'chi', 'chi', 'chi', 'eng', 'eng', 'eng', 'eng', 'eng', 'eng', 'eng', 'eng', 'eng', 'eng', 'eng', 'eng']"
87,42.86,0.96,0.15,0.93,0.88,0.86,2,2,2,"它们存活了上千年 在沙漠中，在 the permafrost, 在群山之巅 or at the bottom of the ocean.",[],[],它们存活了上千年 在沙漠中，永久冻土层中， 在群山之巅或是汪洋之底。,"They've survived for millennia in desert, in the permafrost, at the tops of mountains and at the bottom of the ocean.","['它们', '存活', '了', '上千年', '在', '沙漠', '中', '，', '在', 'the', 'permafrost,', '在', '群山', '之巅', 'or', 'at', 'the', 'bottom', 'of', 'the', 'ocean.']","['chi', 'chi', 'chi', 'chi', 'chi', 'chi', 'chi', 'chi', 'chi', 'eng', 'eng', 'chi', 'chi', 'chi', 'eng', 'eng', 'eng', 'eng', 'eng', 'eng', 'eng']"
88,44.44,0.98,0.2,0.91,0.89,0.88,3,2,2,"错了。Identical twins, or any siblings, who are 在出生时失散的同卵双胞胎或任何兄弟姐妹, 即使一起长大, 也不会更加相似 than if they had grown up together.",[],[],错了。在出生时失散的同卵双胞胎或任何兄弟姐妹， 即使一起长大， 也不会更加相似。,"Wrong. Identical twins, or any siblings, who are separated at birth are no less similar than if they had grown up together.","['错', '了', '。', 'Identical', 'twins,', 'or', 'any', 'siblings,', 'who', 'are', '在', '出生', '时', '失散', '的', '同卵', '双胞胎', '或', '任何', '兄弟姐妹', ',', '即使', '一起', '长大', ',', '也', '不会', '更加', '相似', 'than', 'if', 'they', 'had', 'grown', 'up', 'together.']","['chi', 'chi', 'chi', 'eng', 'eng', 'eng', 'eng', 'eng', 'eng', 'eng', 'chi', 'chi', 'chi', 'chi', 'chi', 'chi', 'chi', 'chi', 'chi', 'chi', 'eng', 'chi', 'chi', 'chi', 'eng', 'chi', 'chi', 'chi', 'chi', 'eng', 'eng', 'eng', 'eng', 'eng', 'eng', 'eng']"
89,26.32,0.63,0.11,0.92,0.91,0.83,3,3,3,"你知道吗，当你真的相信自己和 everything about you, it's extraordinary 所发生的一切。",[],[],你知道吗，当你真的相信自己，相信你所有的一切时， 所发生的一切将非同凡响。,"And you know what, when you really believe in yourself and everything about you, it's extraordinary what happens.","['你', '知道', '吗', '，', '当', '你', '真的', '相信', '自己', '和', 'everything', 'about', 'you,', ""it's"", 'extraordinary', '所', '发生', '的', '一切', '。']","['chi', 'chi', 'chi', 'chi', 'chi', 'chi', 'chi', 'chi', 'chi', 'other', 'eng', 'eng', 'eng', 'eng', 'eng', 'chi', 'chi', 'chi', 'chi', 'chi']"
90,45.0,0.98,0.11,0.94,0.94,0.89,3,2,2,这一切，在我看来，gives us the first opportunity as a community to fundamentally change 我们这个世界。,[],[],这一切，在我看来，给了我们第一次以一个共同体的身份 从根本上改变我们这个世界的机会。,"That, in my view, gives us the first opportunity as a community to fundamentally change the world.","['这', '一切', '，', '在我看来', '，', 'gives', 'us', 'the', 'first', 'opportunity', 'as', 'a', 'community', 'to', 'fundamentally', 'change', '我们', '这个', '世界', '。']","['chi', 'chi', 'chi', 'chi', 'chi', 'eng', 'eng', 'eng', 'eng', 'eng', 'eng', 'eng', 'eng', 'eng', 'eng', 'eng', 'chi', 'chi', 'chi', 'chi']"
91,47.37,0.99,0.13,0.9,0.94,0.86,3,3,2,"现在你看到了，this is the problem of shifting comparisons, 因为你在比较100美元 to the purchase that you're making, 但当你去花这笔钱的时候, you won't be making that comparison.",[],[],现在你看到了，也是“转移比较”的问题 因为你在比较100美元 和你要买的东西之间的关系 而当你去花这笔钱的时候，你不会再做那样的比较,"Now, you can see, this is the problem of shifting comparisons, because what you're doing is, you're comparing the 100 bucks to the purchase that you're making, but when you go to spend that money you won't be making that comparison.","['现在', '你', '看到', '了', '，', 'this', 'is', 'the', 'problem', 'of', 'shifting', 'comparisons,', '因为', '你', '在', '比较', '100', '美元', 'to', 'the', 'purchase', 'that', ""you're"", 'making,', '但', '当', '你', '去', '花', '这笔', '钱', '的', '时候', ',', 'you', ""won't"", 'be', 'making', 'that', 'comparison.']","['chi', 'chi', 'chi', 'chi', 'chi', 'eng', 'eng', 'eng', 'eng', 'eng', 'eng', 'eng', 'chi', 'chi', 'chi', 'chi', 'other', 'chi', 'eng', 'eng', 'eng', 'eng', 'eng', 'eng', 'other', 'chi', 'chi', 'chi', 'chi', 'chi', 'chi', 'chi', 'chi', 'eng', 'eng', 'eng', 'eng', 'eng', 'eng', 'eng']"
92,24.14,0.58,0.21,0.93,0.91,0.81,2,2,2,"如果你 buy all of this, 而且如果你像我一样相信生命是 about computation, 那你就是在用一个计算机科学家的眼光来看 big questions.",[],[],如果你相信所有这些的话 而且如果你像我一样相信生命全是关于计算的话 那你就是在用一个计算机科学家的眼光来看一个重要问题,"And if you buy all of this, and you think life is about computation, as I do, then you look at big questions through the eyes of a computer scientist.","['如果', '你', 'buy', 'all', 'of', 'this,', '而且', '如果', '你', '像', '我', '一样', '相信', '生命', '是', 'about', 'computation,', '那', '你', '就是', '在', '用', '一个', '计算机', '科学家', '的', '眼光', '来看', 'big', 'questions.']","['chi', 'chi', 'eng', 'eng', 'eng', 'eng', 'chi', 'chi', 'chi', 'chi', 'chi', 'chi', 'chi', 'chi', 'chi', 'eng', 'eng', 'chi', 'chi', 'chi', 'chi', 'chi', 'chi', 'chi', 'chi', 'chi', 'chi', 'chi', 'eng', 'other']"
93,40.91,0.94,0.1,0.91,0.91,0.82,3,3,2,我的意思是，你不会听到 anything that's like cancer or heart disease associated with 玩耍在一起合作。,[],[],我的意思是，你不会听到癌症或心脏病 和玩耍在一起合作。,I mean you don't hear about anything that's like cancer or heart disease associated with play.,"['我', '的', '意思', '是', '，', '你', '不会', '听到', 'anything', ""that's"", 'like', 'cancer', 'or', 'heart', 'disease', 'associated', 'with', '玩耍', '在', '一起', '合作', '。']","['chi', 'chi', 'chi', 'chi', 'chi', 'chi', 'chi', 'chi', 'eng', 'eng', 'eng', 'eng', 'eng', 'eng', 'eng', 'eng', 'eng', 'chi', 'chi', 'chi', 'chi', 'chi']"
94,26.67,0.64,0.29,0.93,0.92,0.86,2,2,2,下一个 great stage，大家都非常熟悉：the massive 信息革命。,[],[],下一个伟大时代，大家都非常熟悉： 规模庞大的信息革命。,"The next great stage, which all of you are so familiar with: the massive information revolution.","['下', '一个', 'great', 'stage', '，', '大家', '都', '非常', '熟悉', '：', 'the', 'massive', '信息', '革命', '。']","['chi', 'chi', 'eng', 'eng', 'chi', 'chi', 'chi', 'chi', 'chi', 'chi', 'eng', 'eng', 'chi', 'chi', 'chi']"
95,41.46,0.94,0.1,0.86,0.91,0.8,2,2,2,"做这个摄影题材的时候，我一直在寻找一些从未 been photographed before, and the Pearl Buck Foundation 告诉我 they worked with a lot of Americans who were donating money to help some of these 孩子。",[],[],做这个摄影题材的时候， 我一直在寻找一些从未被拍摄过的孩子。 这时候赛珍珠基金会告诉我 参与他们组织的不少美国人 都在捐款帮助这些孩子。,"In the course of doing the story, I was looking for children who hadn't been photographed before, and the Pearl Buck Foundation told me that they worked with a lot of Americans who were donating money to help some of these kids.","['做', '这个', '摄影', '题材', '的', '时候', '，', '我', '一直', '在', '寻找', '一些', '从未', 'been', 'photographed', 'before,', 'and', 'the', 'Pearl', 'Buck', 'Foundation', '告诉', '我', 'they', 'worked', 'with', 'a', 'lot', 'of', 'Americans', 'who', 'were', 'donating', 'money', 'to', 'help', 'some', 'of', 'these', '孩子', '。']","['chi', 'chi', 'chi', 'chi', 'chi', 'chi', 'chi', 'chi', 'chi', 'chi', 'chi', 'chi', 'chi', 'eng', 'eng', 'eng', 'eng', 'eng', 'eng', 'eng', 'eng', 'chi', 'chi', 'eng', 'eng', 'eng', 'eng', 'eng', 'eng', 'eng', 'eng', 'eng', 'eng', 'eng', 'eng', 'eng', 'eng', 'eng', 'eng', 'chi', 'chi']"
96,36.84,0.87,0.17,0.95,0.93,0.88,3,3,3,"好，我是marine biologist，可我实际上 觉得我有点像个old fashioned naturalist, I suppose.",[],[],好，我是海洋生物学家。可我实际上 觉得我有点像个老式的自然学家。,"Now, I'm a marine biologist, but I'm actually a bit of an old fashioned naturalist, I suppose.","['好', '，', '我', '是', 'marine', 'biologist', '，', '可', '我', '实际上', '觉得', '我', '有点像', '个', 'old', 'fashioned', 'naturalist,', 'I', 'suppose.']","['chi', 'chi', 'chi', 'chi', 'eng', 'eng', 'chi', 'chi', 'chi', 'chi', 'chi', 'chi', 'chi', 'chi', 'eng', 'eng', 'eng', 'eng', 'eng']"
97,47.37,0.99,0.17,0.9,0.88,0.81,2,2,2,这不是上海，在白天，it's not being colored，只有晚上 it will look this way.,[],[],这不是上海 在白天，她并非五颜六色，只有晚上这样 她看起来是这样的,"And it's not Shanghai, it's not being colored during the day, only at night it will look this way.","['这', '不是', '上海', '，', '在', '白天', '，', ""it's"", 'not', 'being', 'colored', '，', '只有', '晚上', 'it', 'will', 'look', 'this', 'way.']","['chi', 'chi', 'chi', 'chi', 'chi', 'chi', 'chi', 'eng', 'eng', 'eng', 'eng', 'chi', 'chi', 'chi', 'eng', 'eng', 'eng', 'eng', 'eng']"
98,31.25,0.75,0.13,0.91,0.94,0.89,3,3,3,几年前，historian Arnold Toynbee said that 当今世界正面临巨大的精神危机。,[],[],几年前，历史学家阿诺德.汤因比就指出 当今世界正面临巨大的精神危机。,"A few years ago, historian Arnold Toynbee said that the world was suffering a huge spiritual crisis.","['几年', '前', '，', 'historian', 'Arnold', 'Toynbee', 'said', 'that', '当今世界', '正', '面临', '巨大', '的', '精神', '危机', '。']","['chi', 'chi', 'chi', 'eng', 'eng', 'eng', 'eng', 'eng', 'chi', 'chi', 'chi', 'chi', 'chi', 'chi', 'chi', 'chi']"
99,30.43,0.73,0.32,0.86,0.88,0.83,3,3,2,"不能是个pissed-off pack。不能有积怨, like, ""我才不会去追那家伙的antelope呢。""",[],[],不能是个生气包。不能有积怨。 比如，“我才不会去追那家伙的羚羊呢。,"You can't be a pissed-off pack. You can't be bearing grudges, like, ""I'm not chasing that guy's antelope.","['不能', '是', '个', 'pissed-off', 'pack', '。', '不能', '有', '积怨', ',', 'like,', '""', '我', '才', '不会', '去', '追', '那家伙', '的', 'antelope', '呢', '。', '""']","['chi', 'chi', 'chi', 'eng', 'eng', 'chi', 'chi', 'chi', 'chi', 'eng', 'eng', 'eng', 'chi', 'chi', 'chi', 'chi', 'chi', 'chi', 'chi', 'eng', 'chi', 'chi', 'eng']"
